date,amount,currency,category,subcategory,tags,note
01/01/2024,-13.49,PEN,Transporte,Transporte público,,Metropolitano
02/01/2024,-189.99,PEN,Alimentación,Supermercados y bodegas,,Mercado
02/01/2024,-251.63,PEN,Vehículo,Seguro vehicular,Recurrente,Cuota seguro vehicular
02/01/2024,-4.48,USD,Personal,Suscripciones de utilidad,Recurrente,
03/01/2024,-1981.12,PEN,Hogar,Alquiler o hipoteca,Recurrente,Alquiler mensual
03/01/2024,-34.67,PEN,Transporte,Taxis y apps,,InDrive
04/01/2024,-13.22,PEN,Transporte,Transporte público,,Metropolitano
05/01/2024,-27.36,PEN,Entretenimiento,Streaming y plataformas,Recurrente,Spotify
05/01/2024,-203.13,PEN,Personal,Fitness y actividad física,Salud,Membresía gym
05/01/2024,-7.11,PEN,Transporte,Transporte público,,Bus
06/01/2024,-134.64,PEN,Mascotas y animales,Alimentación de mascotas,,Comida para Max
06/01/2024,-134.38,PEN,Alimentación,Supermercados y bodegas,,Compras semanales
07/01/2024,-44.24,PEN,Entretenimiento,Streaming y plataformas,Recurrente,Netflix
07/01/2024,-242.52,PEN,Finanzas,Seguros,Recurrente,Seguro de salud
08/01/2024,-3.64,PEN,Transporte,Transporte público,,Metro
08/01/2024,-53.48,PEN,Personal,Belleza y estética,,Spa
09/01/2024,-51.4,PEN,Alimentación,Delivery,,PedidosYa
09/01/2024,-16.19,PEN,Transporte,Taxis y apps,,Taxi
10/01/2024,-210.81,PEN,Hogar,Servicios del hogar,Recurrente,"Luz, agua, gas"
10/01/2024,-7.78,PEN,Transporte,Transporte público,,
11/01/2024,-404.06,PEN,Hogar,Seguro del hogar,Recurrente,Seguro anual hogar
12/01/2024,-18.58,PEN,Transporte,Taxis y apps,,
13/01/2024,-38.54,PEN,Transporte,Taxis y apps,,InDrive
13/01/2024,-9.55,PEN,Transporte,Transporte público,,
16/01/2024,-26.94,PEN,Vehículo,Estacionamientos,,Parking mall
17/01/2024,-5.77,PEN,Transporte,Transporte público,,Metro
17/01/2024,-11.38,PEN,Transporte,Transporte público,,Metro
17/01/2024,-94.33,PEN,Entretenimiento,Bares y salidas sociales,Ocio,Bar con amigos
18/01/2024,-43.11,PEN,Alimentación,Delivery,,
18/01/2024,-13.49,PEN,Transporte,Transporte público,,Metro
19/01/2024,-74.99,PEN,Personal,Telefonía y comunicaciones,Recurrente,Plan celular
19/01/2024,-14.42,PEN,Finanzas,Comisiones y cargos,,
20/01/2024,-6.57,PEN,Transporte,Transporte público,,Metro
21/01/2024,-16.8,PEN,Transporte,Taxis y apps,,Uber
22/01/2024,-30.22,PEN,Alimentación,Delivery,,Rappi
22/01/2024,-10.93,PEN,Transporte,Transporte público,,Metropolitano
23/01/2024,-38.52,PEN,Compras,Farmacia y botiquín,,Inkafarma
24/01/2024,-29.54,PEN,Transporte,Taxis y apps,,
25/01/2024,6373.82,PEN,Ingresos,Salario,Trabajo,Sueldo mensual
25/01/2024,-10.05,PEN,Transporte,Transporte público,,Metro
25/01/2024,-10.52,PEN,Vehículo,Estacionamientos,,
27/01/2024,-42.1,PEN,Alimentación,Restaurantes,,Cena
27/01/2024,-9.38,PEN,Vehículo,Estacionamientos,,
28/01/2024,-82.97,PEN,Alimentación,Supermercados y bodegas,,Supermercado
28/01/2024,-9.88,PEN,Transporte,Transporte público,,Bus
28/01/2024,-146.0,PEN,Personal,Salud y atención médica,Salud,Análisis
29/01/2024,-33.54,PEN,Transporte,Taxis y apps,,
29/01/2024,-71.05,PEN,Personal,Belleza y estética,,Peluquería
29/01/2024,-189.95,PEN,Hogar,Personal de apoyo,,
01/02/2024,-205.58,PEN,Personal,Fitness y actividad física,Salud,Membresía gym
02/02/2024,-1926.56,PEN,Hogar,Alquiler o hipoteca,Recurrente,Alquiler mensual
03/02/2024,-8.91,PEN,Transporte,Transporte público,,Metropolitano
04/02/2024,-109.98,PEN,Mascotas y animales,Alimentación de mascotas,,Comida para Max
04/02/2024,-40.25,PEN,Transporte,Taxis y apps,,Uber
04/02/2024,-6.28,PEN,Finanzas,Comisiones y cargos,,
04/02/2024,-6.13,USD,Personal,Suscripciones de utilidad,Recurrente,
05/02/2024,-13.27,PEN,Transporte,Transporte público,,Metro
06/02/2024,-7.82,PEN,Transporte,Transporte público,,Metropolitano
06/02/2024,-84.47,PEN,Personal,Belleza y estética,,
07/02/2024,-25.95,PEN,Alimentación,Delivery,,Rappi
07/02/2024,-71.69,PEN,Entretenimiento,Bares y salidas sociales,Ocio,
09/02/2024,-44.28,PEN,Entretenimiento,Streaming y plataformas,Recurrente,Netflix
09/02/2024,-27.36,PEN,Entretenimiento,Streaming y plataformas,Recurrente,Spotify
09/02/2024,-18.13,PEN,Transporte,Taxis y apps,,InDrive
09/02/2024,-23.87,PEN,Transporte,Taxis y apps,,Taxi
09/02/2024,-69.98,PEN,Compras,Farmacia y botiquín,,Medicinas
10/02/2024,-20.1,PEN,Vehículo,Estacionamientos,,
12/02/2024,-161.96,PEN,Hogar,Servicios del hogar,Recurrente,"Luz, agua, gas"
13/02/2024,-101.09,PEN,Alimentación,Supermercados y bodegas,,
15/02/2024,-87.73,PEN,Personal,Telefonía y comunicaciones,Recurrente,Plan celular
15/02/2024,-21.49,PEN,Transporte,Taxis y apps,,Uber
15/02/2024,-9.83,PEN,Transporte,Transporte público,,Metro
16/02/2024,-92.4,PEN,Alimentación,Supermercados y bodegas,Salud,Compras semanales
17/02/2024,-40.26,PEN,Alimentación,Restaurantes,,Cena
18/02/2024,-69.17,PEN,Compras,Ropa y calzado,,
20/02/2024,-14.46,PEN,Transporte,Taxis y apps,,Taxi
20/02/2024,-13.82,PEN,Transporte,Transporte público,,Metro
20/02/2024,-214.93,PEN,Hogar,Personal de apoyo,,Limpieza
21/02/2024,-44.45,PEN,Compras,Farmacia y botiquín,,Medicinas
22/02/2024,-11.99,PEN,Transporte,Transporte público,,Metropolitano
23/02/2024,-217.99,PEN,Alimentación,Supermercados y bodegas,,
24/02/2024,-26.42,PEN,Alimentación,Delivery,Salud,PedidosYa
24/02/2024,-19.06,PEN,Vehículo,Estacionamientos,,Estacionamiento
25/02/2024,-47.85,PEN,Personal,Belleza y estética,,Spa
26/02/2024,6988.16,PEN,Ingresos,Salario,Trabajo,Sueldo mensual
26/02/2024,-92.72,PEN,Entretenimiento,Hobbies y gaming,Ocio,Steam
26/02/2024,-117.5,PEN,Entretenimiento,Salidas en pareja,Familia,Cena romántica
26/02/2024,-85.85,PEN,Entretenimiento,Deportes y recreación,,
29/02/2024,-5.69,PEN,Transporte,Transporte público,,Metropolitano
29/02/2024,-81.72,PEN,Vehículo,Combustible,,Grifo
01/03/2024,-1998.01,PEN,Hogar,Alquiler o hipoteca,Recurrente,Alquiler mensual
01/03/2024,-106.92,PEN,Mascotas y animales,Alimentación de mascotas,,Comida para Max
01/03/2024,-257.27,PEN,Compras,Ropa y calzado,,Zara
02/03/2024,-8.52,PEN,Finanzas,Comisiones y cargos,,Mantenimiento
03/03/2024,-20.51,PEN,Transporte,Taxis y apps,,Taxi
03/03/2024,-36.55,PEN,Transporte,Taxis y apps,,Taxi
03/03/2024,-22.27,PEN,Vehículo,Estacionamientos,,Parking mall
05/03/2024,-44.73,PEN,Entretenimiento,Streaming y plataformas,Recurrente,Netflix
05/03/2024,-169.87,PEN,Personal,Fitness y actividad física,Salud,Membresía gym
05/03/2024,-31.68,PEN,Transporte,Taxis y apps,Trabajo,
05/03/2024,-34.26,PEN,Compras,Farmacia y botiquín,,Vitaminas
06/03/2024,-196.59,PEN,Alimentación,Supermercados y bodegas,Ocio,
08/03/2024,-36.2,PEN,Transporte,Taxis y apps,,Uber
08/03/2024,-41.52,PEN,Transporte,Taxis y apps,,Uber
08/03/2024,-17.28,PEN,Transporte,Taxis y apps,,
09/03/2024,-26.89,PEN,Entretenimiento,Streaming y plataformas,Recurrente,Spotify
09/03/2024,-14.72,PEN,Vehículo,Estacionamientos,,
10/03/2024,-108.55,USD,Compras,Tecnología y accesorios,,Mercado Libre
10/03/2024,-256.14,PEN,Finanzas,Impuestos,,Pago impuestos
10/03/2024,-8.52,USD,Personal,Suscripciones de utilidad,Recurrente,iCloud
12/03/2024,-228.41,PEN,Alimentación,Supermercados y bodegas,,Compras semanales
13/03/2024,-190.61,PEN,Hogar,Servicios del hogar,Recurrente,"Luz, agua, gas"
13/03/2024,-265.19,PEN,Alimentación,Supermercados y bodegas,Salud,Compras semanales
13/03/2024,-22.25,EUR,Alimentación,Restaurantes,,Brunch
13/03/2024,-20.38,PEN,Finanzas,Comisiones y cargos,,
14/03/2024,-24.92,PEN,Alimentación,Delivery,,Uber Eats
14/03/2024,-64.46,PEN,Personal,Belleza y estética,,
15/03/2024,-108.68,PEN,Personal,Telefonía y comunicaciones,Recurrente,Plan celular
15/03/2024,-80.45,PEN,Alimentación,Restaurantes,,Cena
15/03/2024,-24.43,PEN,Transporte,Taxis y apps,,InDrive
15/03/2024,-4.47,PEN,Transporte,Transporte público,,
17/03/2024,-270.79,PEN,Alimentación,Supermercados y bodegas,,Mercado
17/03/2024,-33.49,PEN,Alimentación,Delivery,,
18/03/2024,-5.74,PEN,Transporte,Transporte público,,Metro
20/03/2024,-33.66,PEN,Alimentación,Delivery,,Uber Eats
20/03/2024,-11.97,PEN,Transporte,Transporte público,,
21/03/2024,-12.78,PEN,Vehículo,Estacionamientos,,Estacionamiento
22/03/2024,-8.84,PEN,Transporte,Transporte público,,Metropolitano
23/03/2024,-33.01,PEN,Alimentación,Delivery,,
23/03/2024,-32.89,PEN,Transporte,Taxis y apps,,InDrive
24/03/2024,647.21,PEN,Ingresos,Facturación y freelance,Trabajo,Proyecto
26/03/2024,-63.15,PEN,Entretenimiento,Hobbies y gaming,Ocio,PlayStation Store
27/03/2024,-12.98,PEN,Transporte,Transporte público,,
27/03/2024,-158.21,PEN,Vehículo,Combustible,,
28/03/2024,7000.44,PEN,Ingresos,Salario,Trabajo,Sueldo mensual
29/03/2024,-4.75,PEN,Transporte,Transporte público,,
31/03/2024,-75.4,PEN,Alimentación,Restaurantes,,Brunch
31/03/2024,-11.31,PEN,Transporte,Transporte público,,
02/04/2024,-26.97,PEN,Entretenimiento,Streaming y plataformas,Recurrente,Spotify
02/04/2024,-338.65,PEN,Vehículo,Seguro vehicular,Recurrente,Cuota seguro vehicular
03/04/2024,-1863.5,PEN,Hogar,Alquiler o hipoteca,Recurrente,Alquiler mensual
03/04/2024,-27.18,PEN,Transporte,Taxis y apps,,
03/04/2024,-5.65,PEN,Transporte,Transporte público,,
04/04/2024,-99.01,PEN,Alimentación,Restaurantes,,Almuerzo
04/04/2024,-19.15,PEN,Finanzas,Comisiones y cargos,,Mantenimiento
05/04/2024,-153.13,PEN,Personal,Fitness y actividad física,Salud,Membresía gym
06/04/2024,-113.45,PEN,Mascotas y animales,Alimentación de mascotas,,Comida para Max
06/04/2024,-8.36,PEN,Transporte,Transporte público,,Metropolitano
07/04/2024,-44.55,PEN,Entretenimiento,Streaming y plataformas,Recurrente,Netflix
07/04/2024,-84.32,PEN,Personal,Belleza y estética,,Spa
08/04/2024,-11.13,PEN,Finanzas,Comisiones y cargos,,Mantenimiento
09/04/2024,-12.7,PEN,Transporte,Transporte público,,Bus
09/04/2024,-53.34,PEN,Entretenimiento,Bares y salidas sociales,Ocio,After office
09/04/2024,-86.46,PEN,Entretenimiento,Deportes y recreación,,Tenis
11/04/2024,-3.32,PEN,Transporte,Transporte público,,Metropolitano
11/04/2024,-62.93,PEN,Entretenimiento,Bares y salidas sociales,Ocio,After office
12/04/2024,-187.81,PEN,Hogar,Servicios del hogar,Recurrente,"Luz, agua, gas"
14/04/2024,-17.28,PEN,Transporte,Taxis y apps,,Taxi
15/04/2024,-25.07,PEN,Transporte,Taxis y apps,,Taxi
15/04/2024,-11.72,PEN,Transporte,Transporte público,,Metro
16/04/2024,-9.11,PEN,Transporte,Transporte público,,Bus
17/04/2024,-14.88,PEN,Vehículo,Estacionamientos,,
18/04/2024,-81.13,PEN,Personal,Telefonía y comunicaciones,Recurrente,Plan celular
18/04/2024,-3.11,PEN,Transporte,Transporte público,,Bus
18/04/2024,-21.14,USD,Entretenimiento,Hobbies y gaming,Ocio,Steam
19/04/2024,-269.99,PEN,Alimentación,Supermercados y bodegas,,Supermercado
19/04/2024,-22.86,PEN,Alimentación,Delivery,,
19/04/2024,-15.38,PEN,Vehículo,Estacionamientos,,
20/04/2024,-43.28,PEN,Alimentación,Delivery,,Rappi
20/04/2024,-36.25,PEN,Transporte,Taxis y apps,,
21/04/2024,-38.75,PEN,Transporte,Taxis y apps,,InDrive
23/04/2024,-59.58,PEN,Alimentación,Restaurantes,,Cena
23/04/2024,-8.24,PEN,Transporte,Transporte público,,
23/04/2024,-12.87,PEN,Vehículo,Estacionamientos,,
24/04/2024,-50.4,PEN,Compras,Farmacia y botiquín,,Vitaminas
25/04/2024,-73.51,USD,Alimentación,Supermercados y bodegas,Familia,Mercado
25/04/2024,-50.73,PEN,Alimentación,Delivery,,Rappi
25/04/2024,-8.11,PEN,Transporte,Transporte público,,
26/04/2024,-13.23,PEN,Transporte,Taxis y apps,,Taxi
26/04/2024,-5.84,PEN,Transporte,Transporte público,,Metropolitano
27/04/2024,-74.54,PEN,Alimentación,Supermercados y bodegas,,Compras semanales
27/04/2024,-26.71,PEN,Transporte,Taxis y apps,,Taxi
28/04/2024,6481.48,PEN,Ingresos,Salario,Trabajo,Sueldo mensual
28/04/2024,-5.7,PEN,Transporte,Transporte público,,Metro
29/04/2024,-9.56,PEN,Transporte,Transporte público,,Metropolitano
01/05/2024,-14.74,PEN,Transporte,Taxis y apps,,Uber
02/05/2024,-143.38,PEN,Alimentación,Supermercados y bodegas,,
03/05/2024,-134.3,PEN,Vehículo,Combustible,,Grifo
04/05/2024,-3.32,PEN,Transporte,Transporte público,,Bus
05/05/2024,-2029.33,PEN,Hogar,Alquiler o hipoteca,Recurrente,Alquiler mensual
05/05/2024,-209.4,PEN,Personal,Fitness y actividad física,Salud,Membresía gym
05/05/2024,-134.12,PEN,Mascotas y animales,Alimentación de mascotas,,Comida para Max
05/05/2024,-59.72,PEN,Entretenimiento,Deportes y recreación,,Fulbito
06/05/2024,-85.3,PEN,Alimentación,Supermercados y bodegas,,Supermercado
07/05/2024,-130.07,PEN,Entretenimiento,Bares y salidas sociales,Ocio,Bar con amigos
08/05/2024,-26.78,PEN,Entretenimiento,Streaming y plataformas,Recurrente,Spotify
09/05/2024,-44.78,PEN,Entretenimiento,Streaming y plataformas,Recurrente,Netflix
09/05/2024,-252.28,PEN,Alimentación,Supermercados y bodegas,,Compras semanales
09/05/2024,-62.95,PEN,Compras,Farmacia y botiquín,,Inkafarma
11/05/2024,-4.28,PEN,Transporte,Transporte público,,
12/05/2024,-24.25,PEN,Transporte,Taxis y apps,,Uber
14/05/2024,-261.79,PEN,Hogar,Servicios del hogar,Recurrente,"Luz, agua, gas"
14/05/2024,-31.3,PEN,Alimentación,Delivery,,PedidosYa
14/05/2024,-3.6,PEN,Transporte,Transporte público,,Metropolitano
15/05/2024,-64.73,PEN,Alimentación,Restaurantes,,Brunch
15/05/2024,-3.97,PEN,Transporte,Transporte público,,Metropolitano
15/05/2024,-12.69,PEN,Transporte,Transporte público,,
15/05/2024,-14.16,PEN,Finanzas,Comisiones y cargos,,Mantenimiento
16/05/2024,-26.65,PEN,Vehículo,Estacionamientos,,Estacionamiento
16/05/2024,-65.51,PEN,Entretenimiento,Bares y salidas sociales,Ocio,After office
17/05/2024,-22.11,PEN,Vehículo,Estacionamientos,,Estacionamiento
18/05/2024,-26.81,PEN,Transporte,Taxis y apps,,Uber
18/05/2024,-4.44,PEN,Transporte,Transporte público,,Metropolitano
18/05/2024,-107.51,PEN,Vehículo,Combustible,,Gasolina
19/05/2024,422.4,PEN,Ingresos,Facturación y freelance,Trabajo,Proyecto
19/05/2024,-79.03,PEN,Personal,Telefonía y comunicaciones,Recurrente,Plan celular
20/05/2024,-88.75,USD,Alimentación,Supermercados y bodegas,,Mercado
20/05/2024,-11.32,PEN,Transporte,Transporte público,,
21/05/2024,-36.43,PEN,Transporte,Taxis y apps,,
22/05/2024,-36.32,PEN,Alimentación,Delivery,,PedidosYa
22/05/2024,-13.4,PEN,Transporte,Transporte público,,Metro
22/05/2024,-12.56,PEN,Transporte,Transporte público,,
23/05/2024,-237.88,PEN,Hogar,Personal de apoyo,,
25/05/2024,6716.45,PEN,Ingresos,Salario,Trabajo,Sueldo mensual
25/05/2024,-32.17,PEN,Transporte,Taxis y apps,,Uber
25/05/2024,-34.69,PEN,Transporte,Taxis y apps,,
25/05/2024,-3.57,PEN,Transporte,Transporte público,,Metropolitano
26/05/2024,-82.17,PEN,Alimentación,Restaurantes,,Brunch
27/05/2024,-40.15,PEN,Personal,Belleza y estética,,Spa
27/05/2024,-75.22,PEN,Personal,Belleza y estética,,
28/05/2024,-16.82,PEN,Transporte,Taxis y apps,,
28/05/2024,-8.66,PEN,Transporte,Transporte público,,Metro
28/05/2024,-98.62,PEN,Entretenimiento,Hobbies y gaming,Ocio,Steam
29/05/2024,-24.96,PEN,Transporte,Taxis y apps,,Taxi
30/05/2024,-37.68,PEN,Alimentación,Delivery,,Rappi
30/05/2024,-20.34,PEN,Transporte,Taxis y apps,,
31/05/2024,-10.35,PEN,Vehículo,Estacionamientos,,Parking mall
01/06/2024,-13.29,PEN,Vehículo,Estacionamientos,,Parking mall
03/06/2024,-44.23,PEN,Entretenimiento,Streaming y plataformas,Recurrente,Netflix
04/06/2024,-188.99,PEN,Personal,Fitness y actividad física,Salud,Membresía gym
05/06/2024,-2073.13,PEN,Hogar,Alquiler o hipoteca,Recurrente,Alquiler mensual
05/06/2024,-26.83,PEN,Entretenimiento,Streaming y plataformas,Recurrente,Spotify
05/06/2024,-11.3,PEN,Transporte,Transporte público,,Bus
06/06/2024,-151.14,PEN,Mascotas y animales,Alimentación de mascotas,,Comida para Max
06/06/2024,-33.18,PEN,Alimentación,Delivery,,
07/06/2024,-145.1,PEN,Alimentación,Restaurantes,Salud,Brunch
07/06/2024,-4.45,PEN,Transporte,Transporte público,,Metropolitano
08/06/2024,-45.05,PEN,Alimentación,Delivery,,Uber Eats
08/06/2024,-31.1,PEN,Transporte,Taxis y apps,,InDrive
08/06/2024,-101.91,PEN,Entretenimiento,Bares y salidas sociales,Ocio,After office
09/06/2024,-5.66,USD,Personal,Suscripciones de utilidad,Recurrente,iCloud
10/06/2024,-273.64,PEN,Hogar,Servicios del hogar,Recurrente,"Luz, agua, gas"
10/06/2024,-172.15,PEN,Alimentación,Supermercados y bodegas,,
10/06/2024,-196.94,PEN,Finanzas,Impuestos,,Pago impuestos
11/06/2024,-238.92,PEN,Alimentación,Supermercados y bodegas,,Compras semanales
11/06/2024,-11.22,PEN,Transporte,Transporte público,,Bus
12/06/2024,-51.58,PEN,Entretenimiento,Bares y salidas sociales,Ocio,Bar con amigos
15/06/2024,-124.35,PEN,Alimentación,Supermercados y bodegas,Recurrente,Compras semanales
15/06/2024,-15.37,PEN,Vehículo,Estacionamientos,,
15/06/2024,-62.26,PEN,Personal,Belleza y estética,,
15/06/2024,-122.83,PEN,Hogar,Personal de apoyo,,Limpieza
16/06/2024,-28.15,PEN,Compras,Farmacia y botiquín,Ocio,Vitaminas
17/06/2024,-8.52,PEN,Transporte,Transporte público,,Metropolitano
18/06/2024,-104.84,PEN,Personal,Telefonía y comunicaciones,Recurrente,Plan celular
18/06/2024,-66.58,PEN,Alimentación,Restaurantes,,Brunch
19/06/2024,-79.45,PEN,Alimentación,Restaurantes,Salud,Brunch
19/06/2024,-37.95,PEN,Transporte,Taxis y apps,,Uber
19/06/2024,-84.54,PEN,Personal,Belleza y estética,,Barbería
20/06/2024,-99.97,PEN,Alimentación,Supermercados y bodegas,,Mercado
20/06/2024,-54.25,PEN,Alimentación,Delivery,,PedidosYa
20/06/2024,-123.99,PEN,Entretenimiento,Bares y salidas sociales,Ocio,
20/06/2024,-11.94,PEN,Finanzas,Comisiones y cargos,,Mantenimiento
20/06/2024,-78.35,PEN,Entretenimiento,Salidas en pareja,Familia,Paseo
21/06/2024,-141.61,PEN,Alimentación,Restaurantes,,Brunch
21/06/2024,-14.91,PEN,Transporte,Taxis y apps,,Uber
21/06/2024,-43.64,PEN,Compras,Farmacia y botiquín,Trabajo,Inkafarma
21/06/2024,-6.68,PEN,Finanzas,Comisiones y cargos,,Mantenimiento
21/06/2024,-16.3,USD,Personal,Educación y desarrollo,,Udemy
22/06/2024,-26.31,PEN,Alimentación,Delivery,,Uber Eats
22/06/2024,-13.24,PEN,Vehículo,Estacionamientos,,Estacionamiento
24/06/2024,-105.44,PEN,Alimentación,Supermercados y bodegas,,Compras semanales
24/06/2024,-4.45,PEN,Transporte,Transporte público,,Metropolitano
25/06/2024,1721.2,USD,Ingresos,Salario,Trabajo,Sueldo mensual
25/06/2024,-35.97,PEN,Transporte,Taxis y apps,,Taxi
26/06/2024,-7.85,PEN,Transporte,Transporte público,,Metropolitano
26/06/2024,-6.25,PEN,Transporte,Transporte público,,Metropolitano
26/06/2024,-4.27,PEN,Transporte,Transporte público,,Metro
27/06/2024,-4.81,PEN,Transporte,Transporte público,,
28/06/2024,-10.44,PEN,Transporte,Transporte público,,
28/06/2024,-11.85,PEN,Transporte,Transporte público,,Metropolitano
28/06/2024,-9.5,USD,Entretenimiento,Hobbies y gaming,Ocio,
30/06/2024,-30.19,PEN,Transporte,Taxis y apps,,Taxi
01/07/2024,-26.6,PEN,Entretenimiento,Streaming y plataformas,Recurrente,Spotify
01/07/2024,-4.98,PEN,Transporte,Transporte público,,Metropolitano
01/07/2024,-69.32,PEN,Entretenimiento,Bares y salidas sociales,Ocio,Bar con amigos
01/07/2024,-12.82,PEN,Finanzas,Comisiones y cargos,,Comisión transferencia
02/07/2024,-303.67,PEN,Vehículo,Seguro vehicular,Recurrente,Cuota seguro vehicular
03/07/2024,-2057.52,PEN,Hogar,Alquiler o hipoteca,Recurrente,Alquiler mensual
03/07/2024,-44.3,PEN,Entretenimiento,Streaming y plataformas,Recurrente,Netflix
03/07/2024,-197.4,PEN,Personal,Fitness y actividad física,Salud,Membresía gym
03/07/2024,-72.38,PEN,Alimentación,Delivery,,PedidosYa
03/07/2024,-35.67,PEN,Alimentación,Delivery,,Uber Eats
03/07/2024,-4.56,PEN,Transporte,Transporte público,,Metro
03/07/2024,-11.21,PEN,Transporte,Transporte público,,Bus
03/07/2024,-5.89,USD,Personal,Suscripciones de utilidad,Recurrente,iCloud
04/07/2024,-135.33,PEN,Mascotas y animales,Alimentación de mascotas,,Comida para Max
04/07/2024,-167.88,PEN,Vehículo,Combustible,,Grifo
04/07/2024,-308.71,PEN,Finanzas,Seguros,Recurrente,Seguro de salud
05/07/2024,-42.15,PEN,Compras,Farmacia y botiquín,,Inkafarma
06/07/2024,-170.57,PEN,Alimentación,Supermercados y bodegas,,Compras semanales
06/07/2024,-12.57,PEN,Transporte,Transporte público,,
06/07/2024,-7.07,PEN,Transporte,Transporte público,,Metropolitano
08/07/2024,-15.91,PEN,Vehículo,Estacionamientos,,
08/07/2024,-170.21,PEN,Personal,Salud y atención médica,Salud,
09/07/2024,-7.87,PEN,Transporte,Transporte público,,
10/07/2024,-39.39,PEN,Compras,Farmacia y botiquín,Salud,Vitaminas
11/07/2024,-354.19,PEN,Hogar,Servicios del hogar,Recurrente,"Luz, agua, gas"
12/07/2024,-161.23,PEN,Alimentación,Restaurantes,,Almuerzo
12/07/2024,-15.11,PEN,Transporte,Taxis y apps,,InDrive
13/07/2024,-76.9,PEN,Alimentación,Delivery,,
13/07/2024,-25.95,EUR,Alimentación,Restaurantes,,Brunch
13/07/2024,-7.62,PEN,Transporte,Transporte público,,Metropolitano
13/07/2024,-91.71,PEN,Personal,Belleza y estética,,Peluquería
14/07/2024,-51.12,PEN,Alimentación,Delivery,,Uber Eats
14/07/2024,-157.62,PEN,Vehículo,Combustible,,
14/07/2024,951.56,PEN,Ingresos,Facturación y freelance,Trabajo,Proyecto extra
15/07/2024,-238.51,PEN,Alimentación,Supermercados y bodegas,Ocio,Supermercado
15/07/2024,-75.2,USD,Alimentación,Supermercados y bodegas,,
15/07/2024,-221.44,PEN,Mascotas y animales,Salud veterinaria,Salud,Consulta
17/07/2024,-58.42,PEN,Alimentación,Delivery,,Rappi
17/07/2024,-21.34,PEN,Vehículo,Estacionamientos,,Parking mall
18/07/2024,-13.8,PEN,Transporte,Taxis y apps,,Taxi
19/07/2024,-80.03,PEN,Personal,Telefonía y comunicaciones,Recurrente,Plan celular
19/07/2024,-18.78,PEN,Transporte,Taxis y apps,,Uber
22/07/2024,-34.8,PEN,Alimentación,Delivery,,
22/07/2024,-15.67,PEN,Transporte,Taxis y apps,,
22/07/2024,-26.47,PEN,Transporte,Taxis y apps,,Taxi
22/07/2024,-21.57,PEN,Vehículo,Estacionamientos,,Estacionamiento
23/07/2024,-281.61,PEN,Compras,Ropa y calzado,,Tienda
24/07/2024,-113.07,PEN,Alimentación,Supermercados y bodegas,,Compras semanales
25/07/2024,-13.36,PEN,Transporte,Transporte público,,Metro
25/07/2024,-9.8,PEN,Transporte,Transporte público,,Metro
26/07/2024,6252.61,PEN,Ingresos,Salario,Trabajo,Sueldo mensual
27/07/2024,-68.47,PEN,Alimentación,Restaurantes,,Brunch
28/07/2024,-60.76,PEN,Alimentación,Delivery,,PedidosYa
28/07/2024,-39.48,PEN,Transporte,Taxis y apps,Recurrente,Taxi
28/07/2024,-28.69,PEN,Transporte,Taxis y apps,,Taxi
28/07/2024,-10.32,PEN,Finanzas,Comisiones y cargos,,Mantenimiento
29/07/2024,-3.58,PEN,Transporte,Transporte público,,Bus
30/07/2024,-6.74,PEN,Transporte,Transporte público,,Metro
01/08/2024,-6.99,PEN,Transporte,Transporte público,,Bus
02/08/2024,-26.97,PEN,Entretenimiento,Streaming y plataformas,Recurrente,Spotify
03/08/2024,-197.78,PEN,Personal,Fitness y actividad física,Salud,Membresía gym
03/08/2024,-194.92,PEN,Alimentación,Supermercados y bodegas,Ocio,
03/08/2024,-21.89,PEN,Transporte,Taxis y apps,,
05/08/2024,-1934.67,PEN,Hogar,Alquiler o hipoteca,Recurrente,Alquiler mensual
05/08/2024,-9.55,PEN,Transporte,Transporte público,,Metro
05/08/2024,-3.85,PEN,Transporte,Transporte público,,Metro
05/08/2024,-17.73,USD,Personal,Educación y desarrollo,,Curso online
06/08/2024,-44.37,PEN,Entretenimiento,Streaming y plataformas,Recurrente,Netflix
06/08/2024,-101.06,PEN,Vehículo,Combustible,,
07/08/2024,-5.49,PEN,Transporte,Transporte público,,Bus
08/08/2024,-73.13,PEN,Entretenimiento,Bares y salidas sociales,Ocio,After office
10/08/2024,-103.37,PEN,Mascotas y animales,Alimentación de mascotas,,Comida para Max
10/08/2024,-42.83,USD,Alimentación,Supermercados y bodegas,,Supermercado
10/08/2024,-19.56,PEN,Transporte,Taxis y apps,,InDrive
10/08/2024,-9.15,PEN,Transporte,Transporte público,,Metropolitano
11/08/2024,-14.45,PEN,Transporte,Taxis y apps,,Taxi
12/08/2024,-39.54,PEN,Transporte,Taxis y apps,,Taxi
12/08/2024,-57.95,PEN,Compras,Farmacia y botiquín,,
14/08/2024,-210.59,PEN,Hogar,Servicios del hogar,Recurrente,"Luz, agua, gas"
15/08/2024,-182.1,PEN,Alimentación,Supermercados y bodegas,,Compras semanales
15/08/2024,-24.2,PEN,Alimentación,Delivery,,Uber Eats
15/08/2024,-8.87,PEN,Vehículo,Estacionamientos,,Estacionamiento
17/08/2024,-11.48,PEN,Transporte,Transporte público,,Metro
17/08/2024,-71.65,PEN,Personal,Belleza y estética,,Barbería
19/08/2024,-82.93,PEN,Personal,Telefonía y comunicaciones,Recurrente,Plan celular
20/08/2024,-36.56,PEN,Alimentación,Delivery,,Rappi
20/08/2024,-13.7,PEN,Vehículo,Estacionamientos,,
21/08/2024,-10.38,PEN,Transporte,Transporte público,,Metropolitano
22/08/2024,-29.94,PEN,Transporte,Taxis y apps,,Taxi
22/08/2024,-6.7,PEN,Transporte,Transporte público,,Bus
22/08/2024,-22.39,PEN,Vehículo,Estacionamientos,,Estacionamiento
23/08/2024,-23.56,PEN,Alimentación,Delivery,,Rappi
23/08/2024,-74.24,PEN,Alimentación,Restaurantes,,Cena
23/08/2024,-48.52,PEN,Entretenimiento,Hobbies y gaming,Ocio,Steam
25/08/2024,-56.91,PEN,Personal,Belleza y estética,,
26/08/2024,-26.05,PEN,Vehículo,Estacionamientos,,
26/08/2024,-15.28,PEN,Finanzas,Comisiones y cargos,,Mantenimiento
27/08/2024,-4.41,PEN,Transporte,Transporte público,,Metro
28/08/2024,6187.26,PEN,Ingresos,Salario,Trabajo,Sueldo mensual
29/08/2024,-76.56,PEN,Compras,Regalos y detalles,Familia,Regalo cumpleaños
30/08/2024,-47.66,PEN,Alimentación,Delivery,,Uber Eats
31/08/2024,-10.22,PEN,Transporte,Transporte público,,
31/08/2024,-5.36,PEN,Transporte,Transporte público,,
01/09/2024,-27.44,PEN,Entretenimiento,Streaming y plataformas,Recurrente,Spotify
01/09/2024,-165.36,PEN,Personal,Fitness y actividad física,Salud,Membresía gym
01/09/2024,-215.65,PEN,Alimentación,Supermercados y bodegas,,Compras semanales
01/09/2024,-205.06,PEN,Mascotas y animales,Salud veterinaria,Salud,Consulta
03/09/2024,-2075.22,PEN,Hogar,Alquiler o hipoteca,Recurrente,Alquiler mensual
03/09/2024,-132.93,PEN,Mascotas y animales,Alimentación de mascotas,,Comida para Max
03/09/2024,-59.83,PEN,Alimentación,Delivery,,Rappi
03/09/2024,-7.74,PEN,Transporte,Transporte público,,Bus
03/09/2024,-6.61,PEN,Transporte,Transporte público,,Metropolitano
03/09/2024,-171.09,PEN,Vehículo,Combustible,,Gasolina
03/09/2024,-34.51,PEN,Compras,Farmacia y botiquín,,Inkafarma
03/09/2024,-9.69,USD,Personal,Suscripciones de utilidad,Recurrente,
04/09/2024,-252.35,PEN,Alimentación,Supermercados y bodegas,,Mercado
04/09/2024,-35.98,PEN,Transporte,Taxis y apps,,
04/09/2024,-130.21,PEN,Personal,Salud y atención médica,Salud,Dentista
05/09/2024,-14.0,PEN,Finanzas,Comisiones y cargos,,Mantenimiento
06/09/2024,-10.59,PEN,Transporte,Transporte público,,Metropolitano
06/09/2024,-27.06,PEN,Vehículo,Estacionamientos,,Parking mall
07/09/2024,-13.31,PEN,Transporte,Taxis y apps,,Uber
08/09/2024,-44.91,PEN,Entretenimiento,Streaming y plataformas,Recurrente,Netflix
09/09/2024,-52.02,PEN,Alimentación,Delivery,,Rappi
09/09/2024,-13.1,PEN,Transporte,Taxis y apps,,Taxi
09/09/2024,-167.49,PEN,Vehículo,Combustible,,Grifo
09/09/2024,-257.59,PEN,Finanzas,Impuestos,,Pago impuestos
10/09/2024,-7.91,PEN,Transporte,Transporte público,,
11/09/2024,-40.0,PEN,Transporte,Taxis y apps,,
12/09/2024,-32.83,PEN,Alimentación,Delivery,,Rappi
12/09/2024,-37.86,PEN,Transporte,Taxis y apps,Recurrente,Taxi
13/09/2024,-246.86,PEN,Hogar,Servicios del hogar,Recurrente,"Luz, agua, gas"
13/09/2024,-56.8,PEN,Alimentación,Delivery,Salud,Uber Eats
14/09/2024,-221.14,PEN,Alimentación,Supermercados y bodegas,Salud,Compras semanales
15/09/2024,-3.47,PEN,Transporte,Transporte público,,Metropolitano
15/09/2024,-17.97,PEN,Finanzas,Comisiones y cargos,,
15/09/2024,-38.03,USD,Entretenimiento,Salidas en pareja,Familia,Cena romántica
16/09/2024,-100.35,PEN,Personal,Telefonía y comunicaciones,Recurrente,Plan celular
16/09/2024,-10.61,PEN,Transporte,Transporte público,,Metropolitano
16/09/2024,-138.02,PEN,Hogar,Personal de apoyo,,Limpieza
17/09/2024,-24.02,PEN,Vehículo,Estacionamientos,,
17/09/2024,899.51,PEN,Ingresos,Facturación y freelance,Trabajo,Proyecto extra
18/09/2024,-6.23,PEN,Transporte,Transporte público,,Metro
19/09/2024,-41.94,PEN,Personal,Belleza y estética,,Barbería
21/09/2024,-193.03,PEN,Alimentación,Supermercados y bodegas,,
22/09/2024,-67.0,PEN,Personal,Belleza y estética,,Spa
24/09/2024,-27.98,EUR,Alimentación,Restaurantes,,Cena
24/09/2024,-25.19,PEN,Transporte,Taxis y apps,,Taxi
26/09/2024,-58.89,PEN,Alimentación,Restaurantes,,Almuerzo
26/09/2024,-3.91,PEN,Transporte,Transporte público,,
27/09/2024,6095.93,PEN,Ingresos,Salario,Trabajo,Sueldo mensual
27/09/2024,-113.84,PEN,Alimentación,Restaurantes,,Cena
28/09/2024,-20.15,PEN,Vehículo,Estacionamientos,,Estacionamiento
28/09/2024,-150.16,PEN,Entretenimiento,Espectáculos y eventos,Ocio,Concierto
30/09/2024,-11.77,PEN,Transporte,Transporte público,,Metropolitano
01/10/2024,-9.8,PEN,Vehículo,Estacionamientos,,Estacionamiento
02/10/2024,-44.22,PEN,Entretenimiento,Streaming y plataformas,Recurrente,Netflix
02/10/2024,-40.46,PEN,Transporte,Taxis y apps,,Taxi
02/10/2024,-6.19,PEN,Transporte,Transporte público,,
02/10/2024,-36.1,PEN,Entretenimiento,Bares y salidas sociales,Ocio,
02/10/2024,-64.03,PEN,Personal,Belleza y estética,,Barbería
03/10/2024,-1966.21,PEN,Hogar,Alquiler o hipoteca,Recurrente,Alquiler mensual
04/10/2024,-181.54,PEN,Personal,Fitness y actividad física,Salud,Membresía gym
04/10/2024,-24.23,EUR,Compras,Ropa y calzado,,Tienda
05/10/2024,-253.97,PEN,Alimentación,Supermercados y bodegas,,Supermercado
05/10/2024,-235.6,PEN,Alimentación,Supermercados y bodegas,,Mercado
05/10/2024,-68.77,PEN,Compras,Farmacia y botiquín,,
05/10/2024,-67.04,PEN,Entretenimiento,Espectáculos y eventos,Ocio,Concierto
06/10/2024,-31.76,PEN,Transporte,Taxis y apps,,Taxi
06/10/2024,-7.84,PEN,Transporte,Transporte público,,
07/10/2024,-27.54,PEN,Entretenimiento,Streaming y plataformas,Recurrente,Spotify
07/10/2024,-149.4,PEN,Mascotas y animales,Alimentación de mascotas,,Comida para Max
08/10/2024,-8.13,PEN,Transporte,Transporte público,,Metropolitano
09/10/2024,-54.84,PEN,Alimentación,Restaurantes,,Brunch
09/10/2024,-19.03,PEN,Finanzas,Comisiones y cargos,,
10/10/2024,-50.44,PEN,Compras,Farmacia y botiquín,,
10/10/2024,-328.72,PEN,Vehículo,Seguro vehicular,Recurrente,Cuota seguro vehicular
11/10/2024,-12.48,PEN,Transporte,Transporte público,,Metropolitano
11/10/2024,-11.8,PEN,Vehículo,Estacionamientos,,Parking mall
12/10/2024,-187.02,PEN,Hogar,Servicios del hogar,Recurrente,"Luz, agua, gas"
12/10/2024,-73.19,PEN,Personal,Belleza y estética,,Peluquería
13/10/2024,-4.44,PEN,Transporte,Transporte público,,Metropolitano
15/10/2024,-3.8,PEN,Transporte,Transporte público,,Metro
15/10/2024,-5.24,PEN,Transporte,Transporte público,,Bus
15/10/2024,-5.73,PEN,Transporte,Transporte público,,Metro
15/10/2024,-102.93,PEN,Entretenimiento,Bares y salidas sociales,Ocio,After office
16/10/2024,-38.67,PEN,Transporte,Taxis y apps,,Taxi
16/10/2024,-19.35,PEN,Transporte,Taxis y apps,,
16/10/2024,-27.92,PEN,Vehículo,Estacionamientos,,Estacionamiento
16/10/2024,-25.58,PEN,Vehículo,Estacionamientos,,Estacionamiento
17/10/2024,-25.22,PEN,Alimentación,Delivery,,Uber Eats
17/10/2024,-9.18,PEN,Transporte,Transporte público,,Metropolitano
17/10/2024,-12.66,PEN,Finanzas,Comisiones y cargos,,
18/10/2024,-14.8,PEN,Transporte,Taxis y apps,,InDrive
19/10/2024,-75.19,PEN,Personal,Telefonía y comunicaciones,Recurrente,Plan celular
21/10/2024,-18.32,PEN,Transporte,Taxis y apps,,Uber
24/10/2024,-13.87,PEN,Transporte,Transporte público,,Metropolitano
25/10/2024,-252.78,PEN,Alimentación,Supermercados y bodegas,,Compras semanales
26/10/2024,7132.61,PEN,Ingresos,Salario,Trabajo,Sueldo mensual
26/10/2024,-176.32,PEN,Hogar,Personal de apoyo,,
27/10/2024,-39.72,PEN,Transporte,Taxis y apps,Trabajo,Uber
27/10/2024,-112.89,PEN,Vehículo,Combustible,,
28/10/2024,-9.77,PEN,Transporte,Transporte público,,Bus
30/10/2024,-43.26,PEN,Alimentación,Delivery,,Uber Eats
01/11/2024,-1910.51,PEN,Hogar,Alquiler o hipoteca,Recurrente,Alquiler mensual
01/11/2024,-45.17,PEN,Entretenimiento,Streaming y plataformas,Recurrente,Netflix
01/11/2024,-135.01,PEN,Mascotas y animales,Alimentación de mascotas,,Comida para Max
01/11/2024,-13.61,PEN,Transporte,Transporte público,,Bus
02/11/2024,-10.37,PEN,Transporte,Transporte público,,Bus
04/11/2024,-29.2,PEN,Transporte,Taxis y apps,,
04/11/2024,-10.49,PEN,Transporte,Transporte público,,Bus
05/11/2024,-27.5,PEN,Entretenimiento,Streaming y plataformas,Recurrente,Spotify
05/11/2024,-184.66,PEN,Personal,Fitness y actividad física,Salud,Membresía gym
05/11/2024,-15.28,PEN,Transporte,Taxis y apps,,InDrive
06/11/2024,-26.73,PEN,Vehículo,Estacionamientos,,Estacionamiento
06/11/2024,-17.43,PEN,Finanzas,Comisiones y cargos,,
07/11/2024,-74.11,PEN,Alimentación,Supermercados y bodegas,,Mercado
07/11/2024,-18.06,PEN,Transporte,Taxis y apps,,Taxi
07/11/2024,-18.75,PEN,Finanzas,Comisiones y cargos,,Mantenimiento
10/11/2024,-104.66,PEN,Alimentación,Restaurantes,,
10/11/2024,-13.26,PEN,Transporte,Taxis y apps,,Uber
10/11/2024,-52.1,PEN,Compras,Farmacia y botiquín,Recurrente,Inkafarma
11/11/2024,-81.68,PEN,Alimentación,Restaurantes,,Brunch
11/11/2024,-6.14,PEN,Transporte,Transporte público,,Metro
12/11/2024,-39.72,PEN,Transporte,Taxis y apps,,
14/11/2024,-6.63,PEN,Transporte,Transporte público,,
14/11/2024,-10.18,PEN,Transporte,Transporte público,,
14/11/2024,-180.45,PEN,Vehículo,Combustible,,Grifo
15/11/2024,-161.5,PEN,Hogar,Servicios del hogar,Recurrente,"Luz, agua, gas"
15/11/2024,-53.89,PEN,Alimentación,Delivery,,Uber Eats
16/11/2024,-58.99,PEN,Alimentación,Restaurantes,,Cena
16/11/2024,-10.16,PEN,Transporte,Transporte público,,Metropolitano
17/11/2024,-202.45,PEN,Alimentación,Supermercados y bodegas,,Mercado
17/11/2024,-49.08,PEN,Alimentación,Delivery,,Rappi
18/11/2024,-93.35,PEN,Personal,Telefonía y comunicaciones,Recurrente,Plan celular
18/11/2024,-11.13,PEN,Transporte,Transporte público,,Metro
19/11/2024,-40.64,PEN,Entretenimiento,Hobbies y gaming,Ocio,
21/11/2024,-5.56,PEN,Transporte,Transporte público,,Metro
21/11/2024,-72.6,PEN,Personal,Belleza y estética,,
22/11/2024,-38.69,PEN,Alimentación,Delivery,,PedidosYa
22/11/2024,-48.98,PEN,Alimentación,Delivery,,Uber Eats
23/11/2024,-26.75,PEN,Alimentación,Delivery,,Uber Eats
27/11/2024,-57.65,USD,Alimentación,Supermercados y bodegas,,Compras semanales
27/11/2024,-22.35,PEN,Transporte,Taxis y apps,,InDrive
27/11/2024,-15.94,PEN,Vehículo,Estacionamientos,,Estacionamiento
27/11/2024,-168.37,PEN,Personal,Salud y atención médica,Salud,Dentista
28/11/2024,6949.1,PEN,Ingresos,Salario,Trabajo,Sueldo mensual
29/11/2024,-96.31,PEN,Personal,Belleza y estética,,
30/11/2024,-11.46,PEN,Transporte,Transporte público,,Bus
02/12/2024,-20.61,PEN,Transporte,Taxis y apps,,InDrive
02/12/2024,-73.53,PEN,Compras,Farmacia y botiquín,,
03/12/2024,-1996.11,PEN,Hogar,Alquiler o hipoteca,Recurrente,Alquiler mensual
03/12/2024,-191.42,PEN,Personal,Fitness y actividad física,Salud,Membresía gym
05/12/2024,-44.39,PEN,Entretenimiento,Streaming y plataformas,Recurrente,Netflix
05/12/2024,-122.05,PEN,Mascotas y animales,Alimentación de mascotas,,Comida para Max
05/12/2024,-8.54,PEN,Transporte,Transporte público,,Metropolitano
06/12/2024,-46.73,PEN,Alimentación,Delivery,,Rappi
08/12/2024,-379.71,PEN,Alimentación,Supermercados y bodegas,,Supermercado
08/12/2024,-5.27,PEN,Transporte,Transporte público,,Metro
08/12/2024,-11.15,PEN,Transporte,Transporte público,,
08/12/2024,-14.04,PEN,Vehículo,Estacionamientos,,Parking mall
09/12/2024,-27.46,PEN,Entretenimiento,Streaming y plataformas,Recurrente,Spotify
09/12/2024,-55.76,PEN,Entretenimiento,Bares y salidas sociales,Ocio,
09/12/2024,-290.43,PEN,Finanzas,Impuestos,,Pago impuestos
10/12/2024,-62.59,PEN,Personal,Belleza y estética,,
12/12/2024,-41.79,PEN,Transporte,Taxis y apps,,
12/12/2024,-16.65,PEN,Transporte,Taxis y apps,,Uber
13/12/2024,-24.15,USD,Alimentación,Restaurantes,,Almuerzo
13/12/2024,-14.41,PEN,Transporte,Taxis y apps,,InDrive
14/12/2024,-304.57,PEN,Alimentación,Supermercados y bodegas,,Mercado
14/12/2024,-26.84,USD,Alimentación,Restaurantes,,Almuerzo
15/12/2024,-246.04,PEN,Hogar,Servicios del hogar,Recurrente,"Luz, agua, gas"
15/12/2024,-150.51,PEN,Alimentación,Restaurantes,,
15/12/2024,-5.58,PEN,Transporte,Transporte público,,Bus
17/12/2024,-229.49,PEN,Alimentación,Supermercados y bodegas,Ocio,Compras semanales
17/12/2024,-15.82,PEN,Transporte,Taxis y apps,,Uber
18/12/2024,-23.38,PEN,Transporte,Taxis y apps,,
19/12/2024,-67.66,PEN,Alimentación,Restaurantes,,Almuerzo
19/12/2024,-14.38,PEN,Vehículo,Estacionamientos,,
20/12/2024,-74.73,PEN,Personal,Telefonía y comunicaciones,Recurrente,Plan celular
20/12/2024,-3.37,PEN,Transporte,Transporte público,,Metro
21/12/2024,-37.81,PEN,Transporte,Taxis y apps,,
22/12/2024,-40.72,PEN,Alimentación,Delivery,,Rappi
22/12/2024,-18.43,PEN,Vehículo,Estacionamientos,,Estacionamiento
25/12/2024,-170.87,PEN,Alimentación,Supermercados y bodegas,,Compras semanales
25/12/2024,-31.25,PEN,Transporte,Taxis y apps,,
25/12/2024,-12.68,PEN,Transporte,Taxis y apps,,
25/12/2024,-12.5,PEN,Transporte,Transporte público,,Metro
25/12/2024,-21.45,PEN,Vehículo,Estacionamientos,,Estacionamiento
26/12/2024,-10.26,PEN,Transporte,Transporte público,,Metro
26/12/2024,-49.8,PEN,Compras,Farmacia y botiquín,,
27/12/2024,7096.22,PEN,Ingresos,Salario,Trabajo,Sueldo mensual
27/12/2024,-57.5,PEN,Alimentación,Delivery,,PedidosYa
28/12/2024,-8.83,PEN,Finanzas,Comisiones y cargos,,
30/12/2024,-68.35,PEN,Entretenimiento,Bares y salidas sociales,Ocio,
01/01/2025,-1863.54,PEN,Hogar,Alquiler o hipoteca,Recurrente,Alquiler mensual
01/01/2025,-3.07,PEN,Transporte,Transporte público,,
01/01/2025,-3.18,PEN,Transporte,Transporte público,,Metropolitano
03/01/2025,-33.22,PEN,Transporte,Taxis y apps,Ocio,
03/01/2025,-7.1,PEN,Transporte,Transporte público,,
03/01/2025,-7.46,PEN,Transporte,Transporte público,,
04/01/2025,-204.91,PEN,Personal,Fitness y actividad física,Salud,Membresía gym
04/01/2025,-13.1,PEN,Transporte,Transporte público,,Bus
05/01/2025,-47.63,PEN,Alimentación,Restaurantes,,Cena
06/01/2025,-16.2,PEN,Transporte,Taxis y apps,,InDrive
06/01/2025,-71.22,PEN,Compras,Farmacia y botiquín,,Vitaminas
07/01/2025,-222.29,PEN,Finanzas,Seguros,Recurrente,Seguro de salud
08/01/2025,-45.75,PEN,Entretenimiento,Streaming y plataformas,Recurrente,Netflix
08/01/2025,-5.11,PEN,Transporte,Transporte público,,Metropolitano
08/01/2025,-12.23,PEN,Vehículo,Estacionamientos,,
09/01/2025,-119.3,PEN,Mascotas y animales,Alimentación de mascotas,,Comida para Max
09/01/2025,-33.18,PEN,Alimentación,Delivery,,
09/01/2025,-352.94,PEN,Vehículo,Seguro vehicular,Recurrente,Cuota seguro vehicular
10/01/2025,-27.22,PEN,Entretenimiento,Streaming y plataformas,Recurrente,Spotify
10/01/2025,-10.52,PEN,Transporte,Transporte público,,Metro
10/01/2025,-7.76,PEN,Finanzas,Comisiones y cargos,,Comisión transferencia
11/01/2025,-207.72,PEN,Hogar,Servicios del hogar,Recurrente,"Luz, agua, gas"
11/01/2025,-34.08,PEN,Entretenimiento,Espectáculos y eventos,Ocio,Concierto
12/01/2025,-13.81,PEN,Transporte,Taxis y apps,,
12/01/2025,-82.35,PEN,Personal,Salud y atención médica,Salud,
13/01/2025,-135.09,PEN,Alimentación,Supermercados y bodegas,,Supermercado
14/01/2025,-438.92,PEN,Hogar,Seguro del hogar,Recurrente,Seguro anual hogar
15/01/2025,-99.88,PEN,Personal,Telefonía y comunicaciones,Recurrente,Plan celular
15/01/2025,-9.22,PEN,Transporte,Transporte público,,Bus
15/01/2025,-59.44,PEN,Entretenimiento,Deportes y recreación,,Tenis
16/01/2025,204.73,USD,Ingresos,Facturación y freelance,Trabajo,Consultoría
16/01/2025,-70.09,PEN,Alimentación,Restaurantes,,
16/01/2025,-141.81,PEN,Vehículo,Combustible,,
16/01/2025,-45.34,PEN,Entretenimiento,Bares y salidas sociales,Ocio,
17/01/2025,-205.47,PEN,Alimentación,Supermercados y bodegas,,
17/01/2025,-13.01,PEN,Transporte,Taxis y apps,,Uber
17/01/2025,-11.94,PEN,Transporte,Transporte público,,
18/01/2025,-13.75,PEN,Transporte,Transporte público,,Metro
18/01/2025,-8.24,PEN,Transporte,Transporte público,,Metro
19/01/2025,-41.93,PEN,Alimentación,Delivery,,Rappi
19/01/2025,-27.55,PEN,Vehículo,Estacionamientos,,Parking mall
21/01/2025,-34.19,PEN,Transporte,Taxis y apps,,Taxi
21/01/2025,-13.91,PEN,Transporte,Transporte público,,Metro
25/01/2025,6685.42,PEN,Ingresos,Salario,Trabajo,Sueldo mensual
25/01/2025,-198.2,PEN,Alimentación,Supermercados y bodegas,,
25/01/2025,-12.19,PEN,Transporte,Taxis y apps,,InDrive
25/01/2025,-89.24,PEN,Personal,Belleza y estética,,
26/01/2025,-13.34,PEN,Transporte,Transporte público,,Bus
27/01/2025,-6.9,PEN,Transporte,Transporte público,,
28/01/2025,-126.37,PEN,Compras,Ropa y calzado,,H&M
29/01/2025,-18.56,PEN,Vehículo,Estacionamientos,,Parking mall
30/01/2025,-38.68,PEN,Transporte,Taxis y apps,,Uber
30/01/2025,-45.92,PEN,Entretenimiento,Bares y salidas sociales,Ocio,
01/02/2025,-161.24,PEN,Personal,Fitness y actividad física,Salud,Membresía gym
01/02/2025,-68.97,PEN,Personal,Belleza y estética,,Spa
02/02/2025,-2021.9,PEN,Hogar,Alquiler o hipoteca,Recurrente,Alquiler mensual
02/02/2025,-19.26,PEN,Vehículo,Estacionamientos,,
03/02/2025,-7.94,PEN,Transporte,Transporte público,,
04/02/2025,-62.99,PEN,Alimentación,Supermercados y bodegas,Ocio,Supermercado
04/02/2025,-11.35,EUR,Alimentación,Restaurantes,,
04/02/2025,-29.89,PEN,Entretenimiento,Bares y salidas sociales,Ocio,
05/02/2025,-44.9,PEN,Entretenimiento,Streaming y plataformas,Recurrente,Netflix
05/02/2025,-26.57,PEN,Entretenimiento,Streaming y plataformas,Recurrente,Spotify
05/02/2025,-20.09,PEN,Alimentación,Delivery,,
06/02/2025,-22.3,PEN,Alimentación,Delivery,,
08/02/2025,-133.42,PEN,Mascotas y animales,Alimentación de mascotas,,Comida para Max
08/02/2025,-5.78,PEN,Transporte,Transporte público,,Bus
10/02/2025,-32.38,PEN,Alimentación,Delivery,Recurrente,PedidosYa
10/02/2025,-34.05,PEN,Transporte,Taxis y apps,,InDrive
11/02/2025,-30.1,PEN,Transporte,Taxis y apps,,
11/02/2025,-17.33,PEN,Transporte,Taxis y apps,,Taxi
11/02/2025,-23.28,PEN,Transporte,Taxis y apps,,
12/02/2025,-158.29,PEN,Hogar,Servicios del hogar,Recurrente,"Luz, agua, gas"
12/02/2025,-15.42,PEN,Transporte,Taxis y apps,,InDrive
12/02/2025,-11.33,PEN,Vehículo,Estacionamientos,,
14/02/2025,-95.23,PEN,Personal,Belleza y estética,,Peluquería
15/02/2025,-70.21,PEN,Personal,Telefonía y comunicaciones,Recurrente,Plan celular
15/02/2025,-11.77,PEN,Transporte,Transporte público,,Metro
15/02/2025,-41.83,PEN,Compras,Farmacia y botiquín,,Vitaminas
15/02/2025,-143.35,PEN,Personal,Salud y atención médica,Salud,Dentista
17/02/2025,-162.1,PEN,Mascotas y animales,Salud veterinaria,Salud,Consulta
18/02/2025,-76.2,PEN,Vehículo,Combustible,,Gasolina
21/02/2025,-26.29,PEN,Vehículo,Estacionamientos,,Parking mall
21/02/2025,-55.44,PEN,Entretenimiento,Bares y salidas sociales,Ocio,After office
22/02/2025,-8.49,PEN,Transporte,Transporte público,,Metropolitano
23/02/2025,-7.65,PEN,Transporte,Transporte público,,
23/02/2025,-151.41,PEN,Vehículo,Combustible,,
24/02/2025,-216.23,PEN,Alimentación,Supermercados y bodegas,,Mercado
24/02/2025,-36.49,PEN,Alimentación,Delivery,,PedidosYa
24/02/2025,-8.08,PEN,Transporte,Transporte público,,Bus
24/02/2025,-53.31,PEN,Entretenimiento,Espectáculos y eventos,Ocio,Teatro
25/02/2025,6913.72,PEN,Ingresos,Salario,Trabajo,Sueldo mensual
25/02/2025,-12.96,PEN,Vehículo,Estacionamientos,,
26/02/2025,-93.12,PEN,Alimentación,Restaurantes,,Cena
27/02/2025,-12.33,PEN,Transporte,Transporte público,,
27/02/2025,-20.99,PEN,Finanzas,Comisiones y cargos,,Comisión transferencia
28/02/2025,-125.86,PEN,Alimentación,Supermercados y bodegas,,Compras semanales
01/03/2025,-184.64,PEN,Personal,Fitness y actividad física,Salud,Membresía gym
01/03/2025,-21.86,PEN,Finanzas,Comisiones y cargos,,Mantenimiento
03/03/2025,-9.97,PEN,Transporte,Transporte público,,Metro
03/03/2025,-192.87,PEN,Vehículo,Combustible,,Gasolina
04/03/2025,-1918.67,PEN,Hogar,Alquiler o hipoteca,Recurrente,Alquiler mensual
04/03/2025,-26.68,PEN,Entretenimiento,Streaming y plataformas,Recurrente,Spotify
04/03/2025,-55.19,PEN,Compras,Farmacia y botiquín,,Medicinas
05/03/2025,-13.59,PEN,Transporte,Transporte público,,
06/03/2025,-15.95,USD,Alimentación,Restaurantes,,Brunch
06/03/2025,-56.54,PEN,Entretenimiento,Hobbies y gaming,Ocio,PlayStation Store
07/03/2025,-44.8,PEN,Entretenimiento,Streaming y plataformas,Recurrente,Netflix
07/03/2025,-195.02,PEN,Alimentación,Supermercados y bodegas,,Supermercado
07/03/2025,-21.93,PEN,Finanzas,Comisiones y cargos,,Comisión transferencia
08/03/2025,-25.27,EUR,Alimentación,Restaurantes,,
08/03/2025,-4.61,PEN,Transporte,Transporte público,,Metropolitano
09/03/2025,-111.22,PEN,Mascotas y animales,Alimentación de mascotas,,Comida para Max
10/03/2025,-38.24,PEN,Transporte,Taxis y apps,Recurrente,Taxi
10/03/2025,-130.04,PEN,Compras,Ropa y calzado,,Tienda
11/03/2025,-60.29,PEN,Alimentación,Delivery,,Uber Eats
11/03/2025,-174.5,PEN,Vehículo,Combustible,,
12/03/2025,-253.19,PEN,Alimentación,Supermercados y bodegas,,Mercado
12/03/2025,-221.84,PEN,Finanzas,Impuestos,,Pago impuestos
13/03/2025,-8.67,PEN,Transporte,Transporte público,,Metropolitano
14/03/2025,-33.32,PEN,Alimentación,Delivery,,PedidosYa
15/03/2025,-256.69,PEN,Hogar,Servicios del hogar,Recurrente,"Luz, agua, gas"
16/03/2025,-87.98,PEN,Personal,Telefonía y comunicaciones,Recurrente,Plan celular
16/03/2025,-4.56,PEN,Transporte,Transporte público,,Metropolitano
16/03/2025,-13.37,PEN,Vehículo,Estacionamientos,,Estacionamiento
18/03/2025,-32.54,PEN,Alimentación,Delivery,,PedidosYa
18/03/2025,-98.61,PEN,Alimentación,Restaurantes,,Brunch
18/03/2025,-18.56,PEN,Transporte,Taxis y apps,,InDrive
18/03/2025,-94.54,PEN,Entretenimiento,Bares y salidas sociales,Ocio,After office
19/03/2025,-5.94,PEN,Transporte,Transporte público,,Metro
20/03/2025,-178.03,PEN,Alimentación,Supermercados y bodegas,Recurrente,
20/03/2025,-124.74,PEN,Alimentación,Supermercados y bodegas,,Compras semanales
20/03/2025,-16.18,PEN,Transporte,Taxis y apps,,InDrive
20/03/2025,-28.16,PEN,Transporte,Taxis y apps,,Taxi
21/03/2025,-7.56,PEN,Transporte,Transporte público,,
22/03/2025,-31.14,USD,Alimentación,Supermercados y bodegas,,Mercado
22/03/2025,-45.9,PEN,Alimentación,Delivery,,
22/03/2025,-21.95,PEN,Vehículo,Estacionamientos,,Parking mall
23/03/2025,-13.3,PEN,Transporte,Transporte público,,Metropolitano
25/03/2025,-36.36,PEN,Transporte,Taxis y apps,,Taxi
25/03/2025,-123.85,PEN,Personal,Salud y atención médica,Salud,Consulta médica
26/03/2025,-13.78,PEN,Transporte,Taxis y apps,,Taxi
26/03/2025,-18.69,PEN,Vehículo,Estacionamientos,,Parking mall
26/03/2025,-72.88,PEN,Entretenimiento,Bares y salidas sociales,Ocio,Bar con amigos
27/03/2025,-34.7,PEN,Transporte,Taxis y apps,,
27/03/2025,-5.72,PEN,Transporte,Transporte público,,
28/03/2025,6520.6,PEN,Ingresos,Salario,Trabajo,Sueldo mensual
28/03/2025,-36.5,PEN,Transporte,Taxis y apps,,Uber
28/03/2025,-33.32,PEN,Transporte,Taxis y apps,,InDrive
28/03/2025,-10.21,PEN,Transporte,Transporte público,,Bus
30/03/2025,-3.65,PEN,Transporte,Transporte público,,Metropolitano
30/03/2025,-91.46,PEN,Personal,Belleza y estética,,
31/03/2025,-26.08,PEN,Alimentación,Delivery,,
31/03/2025,-48.77,PEN,Alimentación,Delivery,,
31/03/2025,-16.59,PEN,Vehículo,Estacionamientos,,Parking mall
01/04/2025,-1830.96,PEN,Hogar,Alquiler o hipoteca,Recurrente,Alquiler mensual
02/04/2025,-5.69,PEN,Transporte,Transporte público,,
02/04/2025,-84.18,PEN,Entretenimiento,Bares y salidas sociales,Ocio,After office
03/04/2025,-45.25,PEN,Entretenimiento,Streaming y plataformas,Recurrente,Netflix
03/04/2025,-26.53,PEN,Entretenimiento,Streaming y plataformas,Recurrente,Spotify
03/04/2025,-126.41,PEN,Mascotas y animales,Alimentación de mascotas,,Comida para Max
03/04/2025,-6.41,PEN,Transporte,Transporte público,,Bus
03/04/2025,-17.92,PEN,Vehículo,Estacionamientos,,
04/04/2025,-7.99,PEN,Transporte,Transporte público,,Metro
04/04/2025,-3.14,PEN,Transporte,Transporte público,,Bus
05/04/2025,-150.51,PEN,Personal,Fitness y actividad física,Salud,Membresía gym
06/04/2025,-7.09,PEN,Transporte,Transporte público,,Metropolitano
07/04/2025,-248.27,PEN,Vehículo,Seguro vehicular,Recurrente,Cuota seguro vehicular
08/04/2025,-5.78,PEN,Finanzas,Comisiones y cargos,,Mantenimiento
09/04/2025,-50.31,PEN,Alimentación,Delivery,,Uber Eats
09/04/2025,-18.47,PEN,Transporte,Taxis y apps,,
09/04/2025,-18.48,PEN,Vehículo,Estacionamientos,,Estacionamiento
09/04/2025,-62.99,PEN,Compras,Farmacia y botiquín,,Medicinas
10/04/2025,-10.69,PEN,Transporte,Transporte público,,Bus
10/04/2025,-10.33,PEN,Transporte,Transporte público,,Bus
11/04/2025,-132.39,PEN,Personal,Salud y atención médica,Salud,Consulta médica
12/04/2025,-281.89,PEN,Hogar,Servicios del hogar,Recurrente,"Luz, agua, gas"
12/04/2025,-28.39,PEN,Transporte,Taxis y apps,,
12/04/2025,-8.75,PEN,Transporte,Transporte público,,Metropolitano
13/04/2025,-59.59,PEN,Alimentación,Restaurantes,,Almuerzo
13/04/2025,-9.45,PEN,Transporte,Transporte público,,Metro
14/04/2025,-33.05,PEN,Transporte,Taxis y apps,,InDrive
14/04/2025,-51.17,PEN,Entretenimiento,Hobbies y gaming,Ocio,PlayStation Store
16/04/2025,-85.31,PEN,Personal,Telefonía y comunicaciones,Recurrente,Plan celular
17/04/2025,-48.82,PEN,Alimentación,Delivery,,
17/04/2025,-20.59,PEN,Transporte,Taxis y apps,,
19/04/2025,-252.84,PEN,Alimentación,Supermercados y bodegas,,Mercado
21/04/2025,-257.18,PEN,Alimentación,Supermercados y bodegas,,
21/04/2025,-54.4,PEN,Alimentación,Restaurantes,,
23/04/2025,-3.12,PEN,Transporte,Transporte público,,
23/04/2025,-27.5,PEN,Vehículo,Estacionamientos,,
24/04/2025,-70.53,PEN,Personal,Belleza y estética,,Peluquería
25/04/2025,-62.07,PEN,Alimentación,Delivery,Recurrente,PedidosYa
25/04/2025,-14.19,PEN,Transporte,Taxis y apps,,Uber
25/04/2025,-206.06,PEN,Vehículo,Combustible,,Gasolina
26/04/2025,-4.71,PEN,Transporte,Transporte público,,Metropolitano
28/04/2025,6792.02,PEN,Ingresos,Salario,Trabajo,Sueldo mensual
28/04/2025,-130.91,PEN,Alimentación,Supermercados y bodegas,,Compras semanales
28/04/2025,-86.01,PEN,Mascotas y animales,Salud veterinaria,Salud,
30/04/2025,-21.49,PEN,Transporte,Taxis y apps,,
01/05/2025,-13.47,PEN,Transporte,Transporte público,,
01/05/2025,-9.23,PEN,Vehículo,Estacionamientos,,Parking mall
02/05/2025,-193.95,PEN,Personal,Fitness y actividad física,Salud,Membresía gym
02/05/2025,-424.96,PEN,Compras,Tecnología y accesorios,,Mercado Libre
02/05/2025,-195.97,PEN,Hogar,Personal de apoyo,,Limpieza
03/05/2025,-1860.2,PEN,Hogar,Alquiler o hipoteca,Recurrente,Alquiler mensual
03/05/2025,-24.48,USD,Alimentación,Restaurantes,,Brunch
03/05/2025,-51.87,PEN,Personal,Belleza y estética,,
03/05/2025,-20.39,PEN,Finanzas,Comisiones y cargos,,Mantenimiento
04/05/2025,-16.93,PEN,Transporte,Taxis y apps,,
04/05/2025,-28.08,PEN,Transporte,Taxis y apps,,InDrive
05/05/2025,-71.51,PEN,Alimentación,Supermercados y bodegas,,Supermercado
05/05/2025,-46.9,PEN,Alimentación,Delivery,,PedidosYa
05/05/2025,-35.4,PEN,Transporte,Taxis y apps,,InDrive
05/05/2025,-4.0,PEN,Transporte,Transporte público,,Bus
06/05/2025,-11.88,PEN,Transporte,Transporte público,,Metropolitano
07/05/2025,-12.2,PEN,Transporte,Transporte público,,Metropolitano
08/05/2025,-44.76,PEN,Entretenimiento,Streaming y plataformas,Recurrente,Netflix
08/05/2025,-27.54,PEN,Entretenimiento,Streaming y plataformas,Recurrente,Spotify
09/05/2025,-145.63,PEN,Mascotas y animales,Alimentación de mascotas,,Comida para Max
11/05/2025,-25.58,PEN,Transporte,Taxis y apps,,InDrive
13/05/2025,-164.34,PEN,Mascotas y animales,Salud veterinaria,Salud,Consulta
14/05/2025,-238.57,PEN,Hogar,Servicios del hogar,Recurrente,"Luz, agua, gas"
15/05/2025,-21.25,PEN,Transporte,Taxis y apps,,Uber
16/05/2025,-114.54,PEN,Entretenimiento,Salidas en pareja,Familia,Cena romántica
17/05/2025,-56.42,PEN,Alimentación,Delivery,,Rappi
18/05/2025,-11.23,PEN,Transporte,Transporte público,,Bus
20/05/2025,-94.91,PEN,Personal,Telefonía y comunicaciones,Recurrente,Plan celular
21/05/2025,-246.92,PEN,Alimentación,Supermercados y bodegas,,Compras semanales
22/05/2025,-6.29,PEN,Transporte,Transporte público,,Bus
24/05/2025,-13.66,USD,Alimentación,Restaurantes,,
25/05/2025,-208.55,PEN,Alimentación,Supermercados y bodegas,,Compras semanales
26/05/2025,-23.88,PEN,Vehículo,Estacionamientos,,Parking mall
27/05/2025,6968.47,PEN,Ingresos,Salario,Trabajo,Sueldo mensual
27/05/2025,-10.75,PEN,Transporte,Transporte público,,Metro
27/05/2025,-43.23,PEN,Compras,Farmacia y botiquín,,Medicinas
29/05/2025,-51.59,PEN,Alimentación,Delivery,,Uber Eats
30/05/2025,-36.02,PEN,Transporte,Taxis y apps,,Taxi
30/05/2025,-88.76,PEN,Personal,Belleza y estética,,Peluquería
31/05/2025,-6.91,PEN,Transporte,Transporte público,,Metro
01/06/2025,-203.75,PEN,Personal,Fitness y actividad física,Salud,Membresía gym
01/06/2025,-38.51,PEN,Alimentación,Delivery,,PedidosYa
01/06/2025,-63.69,PEN,Alimentación,Restaurantes,Trabajo,Brunch
01/06/2025,-38.89,PEN,Compras,Farmacia y botiquín,,Medicinas
02/06/2025,-34.52,PEN,Alimentación,Delivery,,
02/06/2025,-245.24,PEN,Finanzas,Impuestos,,Pago impuestos
03/06/2025,-84.15,PEN,Alimentación,Restaurantes,,Almuerzo
04/06/2025,-140.36,PEN,Alimentación,Supermercados y bodegas,,Compras semanales
05/06/2025,-2034.43,PEN,Hogar,Alquiler o hipoteca,Recurrente,Alquiler mensual
05/06/2025,-44.42,PEN,Entretenimiento,Streaming y plataformas,Recurrente,Netflix
05/06/2025,-103.52,PEN,Mascotas y animales,Alimentación de mascotas,,Comida para Max
05/06/2025,-6.64,PEN,Transporte,Transporte público,,Metro
05/06/2025,-52.69,PEN,Compras,Regalos y detalles,Familia,Regalo cumpleaños
06/06/2025,-27.1,PEN,Entretenimiento,Streaming y plataformas,Recurrente,Spotify
06/06/2025,-33.22,PEN,Transporte,Taxis y apps,,Taxi
06/06/2025,-10.0,PEN,Transporte,Transporte público,,Metro
08/06/2025,-31.97,PEN,Transporte,Taxis y apps,,
08/06/2025,-6.81,PEN,Transporte,Transporte público,,Metropolitano
08/06/2025,-10.62,PEN,Transporte,Transporte público,,Metropolitano
08/06/2025,-14.86,USD,Entretenimiento,Bares y salidas sociales,Ocio,Bar con amigos
09/06/2025,-11.66,PEN,Transporte,Transporte público,,Metro
09/06/2025,-13.35,USD,Entretenimiento,Hobbies y gaming,Ocio,Steam
10/06/2025,321.89,USD,Ingresos,Facturación y freelance,Trabajo,Consultoría
10/06/2025,-21.68,PEN,Transporte,Taxis y apps,,
10/06/2025,-34.02,PEN,Transporte,Taxis y apps,,InDrive
11/06/2025,-31.02,PEN,Compras,Farmacia y botiquín,,Medicinas
11/06/2025,-75.64,PEN,Personal,Belleza y estética,,
12/06/2025,-290.45,PEN,Hogar,Servicios del hogar,Recurrente,"Luz, agua, gas"
12/06/2025,-306.35,PEN,Alimentación,Supermercados y bodegas,,Mercado
12/06/2025,-18.92,PEN,Vehículo,Estacionamientos,,Parking mall
14/06/2025,-21.02,PEN,Finanzas,Comisiones y cargos,,Comisión transferencia
14/06/2025,-34.3,USD,Compras,Ropa y calzado,,
15/06/2025,-3.13,PEN,Transporte,Transporte público,,Bus
17/06/2025,-166.82,PEN,Alimentación,Supermercados y bodegas,,Mercado
18/06/2025,-37.6,PEN,Alimentación,Delivery,,Rappi
19/06/2025,-82.86,PEN,Personal,Telefonía y comunicaciones,Recurrente,Plan celular
19/06/2025,-157.3,PEN,Alimentación,Supermercados y bodegas,,Compras semanales
19/06/2025,-47.84,PEN,Alimentación,Delivery,,PedidosYa
20/06/2025,-6.5,PEN,Transporte,Transporte público,,Bus
20/06/2025,-81.17,PEN,Entretenimiento,Salidas en pareja,Familia,Cena romántica
21/06/2025,-9.22,PEN,Transporte,Transporte público,,
23/06/2025,-66.38,PEN,Alimentación,Restaurantes,,Almuerzo
24/06/2025,-12.05,PEN,Transporte,Taxis y apps,,
24/06/2025,-16.39,PEN,Vehículo,Estacionamientos,,Parking mall
25/06/2025,-321.13,PEN,Alimentación,Supermercados y bodegas,,
26/06/2025,6912.72,PEN,Ingresos,Salario,Trabajo,Sueldo mensual
26/06/2025,-31.18,PEN,Transporte,Taxis y apps,,Taxi
26/06/2025,-118.5,PEN,Entretenimiento,Bares y salidas sociales,Ocio,
27/06/2025,-64.92,PEN,Alimentación,Delivery,,
27/06/2025,-10.8,PEN,Transporte,Transporte público,,Metropolitano
28/06/2025,-41.83,PEN,Transporte,Taxis y apps,,Uber
29/06/2025,-16.28,PEN,Vehículo,Estacionamientos,,Estacionamiento
01/07/2025,-22.14,PEN,Transporte,Taxis y apps,,Taxi
02/07/2025,-1911.31,PEN,Hogar,Alquiler o hipoteca,Recurrente,Alquiler mensual
02/07/2025,-105.14,PEN,Mascotas y animales,Alimentación de mascotas,,Comida para Max
02/07/2025,-23.87,PEN,Transporte,Taxis y apps,,InDrive
02/07/2025,-34.37,PEN,Transporte,Taxis y apps,,Taxi
03/07/2025,-47.7,PEN,Alimentación,Delivery,,Uber Eats
03/07/2025,-6.42,PEN,Transporte,Transporte público,,
04/07/2025,-27.36,PEN,Entretenimiento,Streaming y plataformas,Recurrente,Spotify
04/07/2025,-362.35,PEN,Alimentación,Supermercados y bodegas,,Mercado
05/07/2025,-153.7,PEN,Personal,Fitness y actividad física,Salud,Membresía gym
05/07/2025,-6.31,PEN,Transporte,Transporte público,,
05/07/2025,-11.59,PEN,Transporte,Transporte público,,Metro
06/07/2025,-20.26,PEN,Transporte,Taxis y apps,,
06/07/2025,-5.12,PEN,Transporte,Transporte público,,Bus
06/07/2025,-267.37,PEN,Finanzas,Seguros,Recurrente,Seguro de salud
07/07/2025,-322.57,PEN,Alimentación,Supermercados y bodegas,,
07/07/2025,-7.86,PEN,Transporte,Transporte público,,
07/07/2025,-474.86,PEN,Entretenimiento,Viajes y vacaciones,Ocio,Vuelos
08/07/2025,-44.94,PEN,Entretenimiento,Streaming y plataformas,Recurrente,Netflix
08/07/2025,-15.45,PEN,Vehículo,Estacionamientos,,
09/07/2025,-37.29,PEN,Transporte,Taxis y apps,,Uber
09/07/2025,-359.93,PEN,Vehículo,Seguro vehicular,Recurrente,Cuota seguro vehicular
09/07/2025,-146.33,EUR,Entretenimiento,Viajes y vacaciones,Ocio,Tours
10/07/2025,-23.45,PEN,Compras,Farmacia y botiquín,Ocio,Vitaminas
10/07/2025,-60.4,EUR,Entretenimiento,Viajes y vacaciones,Ocio,Hotel
10/07/2025,-7.23,USD,Personal,Suscripciones de utilidad,Recurrente,Google One
11/07/2025,-72.31,PEN,Alimentación,Delivery,,Rappi
11/07/2025,-147.33,USD,Entretenimiento,Viajes y vacaciones,Ocio,Tours
13/07/2025,-256.64,PEN,Hogar,Servicios del hogar,Recurrente,"Luz, agua, gas"
13/07/2025,-65.07,PEN,Entretenimiento,Deportes y recreación,,Fulbito
15/07/2025,-11.55,PEN,Vehículo,Estacionamientos,,Estacionamiento
18/07/2025,-71.78,PEN,Personal,Telefonía y comunicaciones,Recurrente,Plan celular
19/07/2025,-343.25,PEN,Alimentación,Supermercados y bodegas,Trabajo,Mercado
19/07/2025,-121.14,PEN,Alimentación,Restaurantes,,Almuerzo
19/07/2025,-141.44,PEN,Alimentación,Restaurantes,,Brunch
19/07/2025,-19.03,PEN,Vehículo,Estacionamientos,,Estacionamiento
20/07/2025,-121.11,PEN,Alimentación,Restaurantes,Familia,Cena
21/07/2025,-53.51,PEN,Personal,Belleza y estética,,Barbería
21/07/2025,-11.96,PEN,Finanzas,Comisiones y cargos,,Comisión transferencia
21/07/2025,-318.38,PEN,Compras,Tecnología y accesorios,,Amazon
23/07/2025,-145.84,PEN,Vehículo,Combustible,,Gasolina
23/07/2025,-292.42,PEN,Personal,Salud y atención médica,Salud,Dentista
24/07/2025,-7.58,PEN,Transporte,Transporte público,,Metro
24/07/2025,-8.33,PEN,Transporte,Transporte público,,Metropolitano
25/07/2025,-12.08,PEN,Transporte,Transporte público,,Metropolitano
25/07/2025,3204.91,PEN,Ingresos,Reembolsos,,Reembolso
26/07/2025,-247.14,PEN,Alimentación,Supermercados y bodegas,,Compras semanales
27/07/2025,6531.01,PEN,Ingresos,Salario,Trabajo,Sueldo mensual
27/07/2025,-203.53,PEN,Alimentación,Supermercados y bodegas,,
27/07/2025,-58.96,PEN,Alimentación,Delivery,,Uber Eats
27/07/2025,-3.62,PEN,Transporte,Transporte público,,Bus
27/07/2025,-3.63,PEN,Transporte,Transporte público,,Metro
27/07/2025,-183.29,PEN,Vehículo,Combustible,,Gasolina
27/07/2025,-141.85,PEN,Entretenimiento,Bares y salidas sociales,Ocio,
28/07/2025,-42.43,PEN,Alimentación,Delivery,,Rappi
28/07/2025,-18.27,PEN,Finanzas,Comisiones y cargos,,
29/07/2025,-102.39,PEN,Alimentación,Restaurantes,,
30/07/2025,-10.48,PEN,Vehículo,Estacionamientos,,Parking mall
01/08/2025,-178.25,PEN,Personal,Fitness y actividad física,Salud,Membresía gym
01/08/2025,-32.3,PEN,Transporte,Taxis y apps,,InDrive
01/08/2025,-5.51,PEN,Transporte,Transporte público,,Bus
01/08/2025,-127.77,PEN,Compras,Ropa y calzado,,Tienda
04/08/2025,-14.3,PEN,Finanzas,Comisiones y cargos,,Mantenimiento
05/08/2025,-1991.49,PEN,Hogar,Alquiler o hipoteca,Recurrente,Alquiler mensual
05/08/2025,-45.62,PEN,Entretenimiento,Streaming y plataformas,Recurrente,Netflix
05/08/2025,-143.51,PEN,Mascotas y animales,Alimentación de mascotas,,Comida para Max
05/08/2025,-30.21,PEN,Alimentación,Delivery,,Rappi
05/08/2025,-4.13,PEN,Transporte,Transporte público,,Metropolitano
06/08/2025,-3.72,PEN,Transporte,Transporte público,,Metro
07/08/2025,-31.05,PEN,Alimentación,Delivery,,
07/08/2025,-160.11,PEN,Hogar,Personal de apoyo,,
09/08/2025,-26.66,PEN,Entretenimiento,Streaming y plataformas,Recurrente,Spotify
09/08/2025,-176.93,PEN,Alimentación,Supermercados y bodegas,Trabajo,Compras semanales
10/08/2025,-13.43,PEN,Transporte,Transporte público,,
11/08/2025,-23.16,USD,Alimentación,Restaurantes,Recurrente,Cena
11/08/2025,-13.96,PEN,Transporte,Transporte público,,
12/08/2025,-11.25,PEN,Transporte,Transporte público,,Bus
12/08/2025,-22.22,PEN,Vehículo,Estacionamientos,,Parking mall
13/08/2025,-230.93,PEN,Hogar,Servicios del hogar,Recurrente,"Luz, agua, gas"
14/08/2025,-12.77,PEN,Transporte,Transporte público,,Bus
16/08/2025,641.69,PEN,Ingresos,Facturación y freelance,Trabajo,
16/08/2025,-57.62,PEN,Compras,Regalos y detalles,Familia,Regalo cumpleaños
17/08/2025,-29.63,PEN,Alimentación,Delivery,Familia,PedidosYa
17/08/2025,-235.32,PEN,Personal,Salud y atención médica,Salud,Consulta médica
19/08/2025,-18.09,PEN,Vehículo,Estacionamientos,,Parking mall
20/08/2025,-84.34,PEN,Personal,Telefonía y comunicaciones,Recurrente,Plan celular
20/08/2025,-25.01,PEN,Transporte,Taxis y apps,,
20/08/2025,-74.72,PEN,Compras,Farmacia y botiquín,,Medicinas
23/08/2025,-12.65,PEN,Transporte,Transporte público,,Metropolitano
23/08/2025,-46.95,PEN,Personal,Belleza y estética,,
23/08/2025,-7.6,PEN,Finanzas,Comisiones y cargos,,
24/08/2025,-231.97,PEN,Alimentación,Supermercados y bodegas,,Supermercado
24/08/2025,-23.19,PEN,Transporte,Taxis y apps,Recurrente,InDrive
24/08/2025,-8.72,PEN,Transporte,Transporte público,,Metropolitano
25/08/2025,-95.97,PEN,Alimentación,Restaurantes,,Almuerzo
28/08/2025,6283.53,PEN,Ingresos,Salario,Trabajo,Sueldo mensual
29/08/2025,-26.3,PEN,Alimentación,Delivery,,
29/08/2025,-78.33,PEN,Entretenimiento,Bares y salidas sociales,Ocio,
31/08/2025,-195.06,PEN,Alimentación,Supermercados y bodegas,Recurrente,Mercado
31/08/2025,-26.32,PEN,Transporte,Taxis y apps,Ocio,InDrive
31/08/2025,-12.98,PEN,Transporte,Transporte público,,
01/09/2025,-2050.57,PEN,Hogar,Alquiler o hipoteca,Recurrente,Alquiler mensual
01/09/2025,-31.3,PEN,Transporte,Taxis y apps,,
02/09/2025,-45.4,PEN,Entretenimiento,Streaming y plataformas,Recurrente,Netflix
02/09/2025,-27.44,PEN,Entretenimiento,Streaming y plataformas,Recurrente,Spotify
02/09/2025,-177.41,PEN,Personal,Fitness y actividad física,Salud,Membresía gym
02/09/2025,-13.9,PEN,Transporte,Taxis y apps,,Uber
02/09/2025,-8.58,PEN,Transporte,Transporte público,,
02/09/2025,-130.62,PEN,Entretenimiento,Bares y salidas sociales,Ocio,
03/09/2025,-12.42,PEN,Transporte,Transporte público,,
04/09/2025,-297.74,PEN,Alimentación,Supermercados y bodegas,,Supermercado
04/09/2025,-44.4,PEN,Alimentación,Delivery,,Uber Eats
04/09/2025,-35.48,PEN,Compras,Farmacia y botiquín,Trabajo,
05/09/2025,-115.85,PEN,Mascotas y animales,Alimentación de mascotas,,Comida para Max
05/09/2025,-21.39,PEN,Finanzas,Comisiones y cargos,,Comisión transferencia
05/09/2025,-93.82,PEN,Personal,Salud y atención médica,Salud,Dentista
06/09/2025,-113.63,PEN,Alimentación,Restaurantes,,Cena
07/09/2025,-46.22,PEN,Compras,Farmacia y botiquín,,Inkafarma
08/09/2025,-6.64,PEN,Transporte,Transporte público,,Metropolitano
08/09/2025,-8.04,PEN,Vehículo,Estacionamientos,,Estacionamiento
09/09/2025,-314.93,PEN,Finanzas,Impuestos,,Pago impuestos
09/09/2025,-9.06,USD,Personal,Suscripciones de utilidad,Recurrente,iCloud
10/09/2025,-91.62,PEN,Entretenimiento,Salidas en pareja,Familia,Paseo
11/09/2025,-4.31,PEN,Transporte,Transporte público,,
12/09/2025,-12.08,PEN,Transporte,Transporte público,,Bus
13/09/2025,-11.99,PEN,Transporte,Transporte público,,Metro
13/09/2025,-7.54,PEN,Transporte,Transporte público,,Metro
14/09/2025,-142.84,PEN,Alimentación,Restaurantes,,
14/09/2025,-31.85,PEN,Transporte,Taxis y apps,,Taxi
15/09/2025,-253.45,PEN,Hogar,Servicios del hogar,Recurrente,"Luz, agua, gas"
15/09/2025,-101.18,PEN,Personal,Telefonía y comunicaciones,Recurrente,Plan celular
15/09/2025,-7.89,PEN,Transporte,Transporte público,,
15/09/2025,-10.28,PEN,Vehículo,Estacionamientos,,
15/09/2025,-16.19,PEN,Finanzas,Comisiones y cargos,,
16/09/2025,-201.26,PEN,Vehículo,Combustible,,Gasolina
17/09/2025,-47.93,PEN,Entretenimiento,Deportes y recreación,,
18/09/2025,-207.85,PEN,Vehículo,Combustible,,
18/09/2025,-18.44,PEN,Vehículo,Estacionamientos,,
20/09/2025,-156.24,PEN,Alimentación,Supermercados y bodegas,,Supermercado
21/09/2025,-65.4,PEN,Alimentación,Delivery,,PedidosYa
21/09/2025,-10.39,PEN,Transporte,Transporte público,,Metropolitano
21/09/2025,585.13,PEN,Ingresos,Ventas,,Venta artículo
22/09/2025,-38.19,PEN,Transporte,Taxis y apps,,Uber
22/09/2025,-32.29,PEN,Transporte,Taxis y apps,,Uber
23/09/2025,-58.49,PEN,Alimentación,Delivery,,PedidosYa
23/09/2025,-38.05,PEN,Transporte,Taxis y apps,,InDrive
24/09/2025,-10.19,PEN,Transporte,Transporte público,,Metro
25/09/2025,6366.81,PEN,Ingresos,Salario,Trabajo,Sueldo mensual
25/09/2025,-64.87,PEN,Personal,Belleza y estética,,Peluquería
26/09/2025,-262.31,PEN,Alimentación,Supermercados y bodegas,Trabajo,Compras semanales
27/09/2025,-43.75,PEN,Alimentación,Delivery,,
27/09/2025,-4.0,PEN,Transporte,Transporte público,,Metropolitano
27/09/2025,-20.67,PEN,Vehículo,Estacionamientos,,Estacionamiento
27/09/2025,-179.47,PEN,Mascotas y animales,Salud veterinaria,Salud,
28/09/2025,-122.5,PEN,Alimentación,Supermercados y bodegas,,
28/09/2025,-26.88,PEN,Transporte,Taxis y apps,,
29/09/2025,-8.59,PEN,Transporte,Transporte público,,Bus
30/09/2025,-26.64,PEN,Transporte,Taxis y apps,,
30/09/2025,-77.81,PEN,Entretenimiento,Hobbies y gaming,Ocio,Steam
30/09/2025,-190.04,PEN,Hogar,Mantenimiento y reparaciones,,Plomero
01/10/2025,-57.17,PEN,Alimentación,Delivery,,
01/10/2025,-13.02,PEN,Transporte,Transporte público,,Metropolitano
02/10/2025,-66.66,PEN,Alimentación,Restaurantes,Ocio,Brunch
03/10/2025,-2013.11,PEN,Hogar,Alquiler o hipoteca,Recurrente,Alquiler mensual
03/10/2025,-22.48,PEN,Transporte,Taxis y apps,,Taxi
03/10/2025,-46.87,PEN,Entretenimiento,Bares y salidas sociales,Ocio,
04/10/2025,-198.5,PEN,Personal,Fitness y actividad física,Salud,Membresía gym
04/10/2025,-32.07,PEN,Transporte,Taxis y apps,,InDrive
05/10/2025,-26.18,USD,Alimentación,Supermercados y bodegas,,Mercado
06/10/2025,-142.68,PEN,Alimentación,Restaurantes,Trabajo,
06/10/2025,-13.69,PEN,Transporte,Transporte público,,Metro
06/10/2025,-354.89,PEN,Vehículo,Seguro vehicular,Recurrente,Cuota seguro vehicular
07/10/2025,-45.31,PEN,Entretenimiento,Streaming y plataformas,Recurrente,Netflix
09/10/2025,-26.77,PEN,Entretenimiento,Streaming y plataformas,Recurrente,Spotify
09/10/2025,-106.39,PEN,Mascotas y animales,Alimentación de mascotas,,Comida para Max
09/10/2025,-26.13,EUR,Alimentación,Restaurantes,Salud,Cena
10/10/2025,-254.84,PEN,Alimentación,Supermercados y bodegas,Recurrente,Mercado
11/10/2025,-22.82,PEN,Transporte,Taxis y apps,,
11/10/2025,-8.65,PEN,Transporte,Transporte público,,Metro
11/10/2025,-41.01,PEN,Personal,Belleza y estética,,Peluquería
12/10/2025,-253.88,PEN,Hogar,Servicios del hogar,Recurrente,"Luz, agua, gas"
13/10/2025,-5.82,PEN,Transporte,Transporte público,,Metropolitano
13/10/2025,-51.29,USD,Personal,Educación y desarrollo,,Curso online
15/10/2025,-22.34,PEN,Vehículo,Estacionamientos,,Parking mall
15/10/2025,-77.81,PEN,Personal,Belleza y estética,,
16/10/2025,-3.48,PEN,Transporte,Transporte público,,Bus
17/10/2025,-18.6,PEN,Transporte,Taxis y apps,,Uber
17/10/2025,-11.83,PEN,Transporte,Transporte público,,
18/10/2025,-36.71,PEN,Transporte,Taxis y apps,,Uber
18/10/2025,-82.42,PEN,Entretenimiento,Espectáculos y eventos,Ocio,Teatro
19/10/2025,-92.83,PEN,Personal,Telefonía y comunicaciones,Recurrente,Plan celular
19/10/2025,-65.55,PEN,Compras,Farmacia y botiquín,,
19/10/2025,-104.92,PEN,Compras,Ropa y calzado,,Zara
21/10/2025,-3.72,PEN,Transporte,Transporte público,,Bus
21/10/2025,-24.34,PEN,Vehículo,Estacionamientos,,Parking mall
21/10/2025,-17.24,PEN,Finanzas,Comisiones y cargos,,Comisión transferencia
23/10/2025,-250.1,PEN,Alimentación,Supermercados y bodegas,,Supermercado
24/10/2025,-245.74,PEN,Alimentación,Supermercados y bodegas,,Supermercado
24/10/2025,-21.72,PEN,Vehículo,Estacionamientos,,Parking mall
25/10/2025,-219.19,PEN,Alimentación,Supermercados y bodegas,,Mercado
25/10/2025,-50.69,PEN,Alimentación,Delivery,,PedidosYa
26/10/2025,7128.16,PEN,Ingresos,Salario,Trabajo,Sueldo mensual
26/10/2025,-29.18,PEN,Transporte,Taxis y apps,,Taxi
26/10/2025,-27.15,PEN,Transporte,Taxis y apps,,
27/10/2025,-35.53,PEN,Alimentación,Delivery,,Uber Eats
28/10/2025,-10.54,PEN,Transporte,Transporte público,,Metro
29/10/2025,-27.52,PEN,Vehículo,Estacionamientos,,Estacionamiento
31/10/2025,-70.4,PEN,Alimentación,Restaurantes,,Almuerzo
31/10/2025,-13.2,PEN,Transporte,Taxis y apps,,
01/11/2025,-67.11,PEN,Entretenimiento,Espectáculos y eventos,Ocio,Teatro
02/11/2025,-163.25,PEN,Personal,Fitness y actividad física,Salud,Membresía gym
02/11/2025,-5.41,PEN,Transporte,Transporte público,,
05/11/2025,-1964.26,PEN,Hogar,Alquiler o hipoteca,Recurrente,Alquiler mensual
05/11/2025,-111.66,PEN,Mascotas y animales,Alimentación de mascotas,,Comida para Max
05/11/2025,-8.11,PEN,Transporte,Transporte público,,Metro
06/11/2025,-44.48,PEN,Entretenimiento,Streaming y plataformas,Recurrente,Netflix
06/11/2025,-46.35,PEN,Alimentación,Restaurantes,,
06/11/2025,-31.37,PEN,Transporte,Taxis y apps,,Taxi
06/11/2025,-4.97,PEN,Transporte,Transporte público,,Bus
07/11/2025,-18.36,PEN,Vehículo,Estacionamientos,,Estacionamiento
08/11/2025,-3.69,PEN,Transporte,Transporte público,,Metropolitano
08/11/2025,-6.31,PEN,Finanzas,Comisiones y cargos,,
09/11/2025,-26.61,PEN,Entretenimiento,Streaming y plataformas,Recurrente,Spotify
09/11/2025,-28.86,EUR,Alimentación,Restaurantes,,
09/11/2025,-34.01,PEN,Transporte,Taxis y apps,,Uber
10/11/2025,-192.65,PEN,Hogar,Servicios del hogar,Recurrente,"Luz, agua, gas"
10/11/2025,-45.75,PEN,Alimentación,Delivery,,Uber Eats
11/11/2025,-10.06,PEN,Vehículo,Estacionamientos,,
12/11/2025,-35.24,PEN,Transporte,Taxis y apps,,Uber
12/11/2025,-7.32,PEN,Transporte,Transporte público,,Metropolitano
13/11/2025,-7.0,PEN,Transporte,Transporte público,,Metro
13/11/2025,-17.39,PEN,Vehículo,Estacionamientos,,Estacionamiento
13/11/2025,-73.55,PEN,Compras,Farmacia y botiquín,Salud,Inkafarma
16/11/2025,-39.54,PEN,Alimentación,Delivery,,Uber Eats
16/11/2025,-87.56,PEN,Personal,Belleza y estética,,Peluquería
17/11/2025,-92.92,PEN,Personal,Belleza y estética,,
18/11/2025,-83.93,PEN,Entretenimiento,Bares y salidas sociales,Ocio,After office
19/11/2025,-58.56,PEN,Alimentación,Restaurantes,,
19/11/2025,-56.63,PEN,Compras,Farmacia y botiquín,,Inkafarma
20/11/2025,-99.66,PEN,Personal,Telefonía y comunicaciones,Recurrente,Plan celular
21/11/2025,-194.77,PEN,Alimentación,Supermercados y bodegas,Trabajo,Mercado
22/11/2025,-249.92,PEN,Alimentación,Supermercados y bodegas,,
22/11/2025,-5.63,PEN,Transporte,Transporte público,,Bus
22/11/2025,-122.98,PEN,Personal,Salud y atención médica,Salud,Dentista
24/11/2025,-201.6,PEN,Alimentación,Supermercados y bodegas,,Mercado
24/11/2025,-11.05,PEN,Transporte,Transporte público,,Metropolitano
25/11/2025,6145.41,PEN,Ingresos,Salario,Trabajo,Sueldo mensual
25/11/2025,-8.66,PEN,Transporte,Transporte público,,
27/11/2025,-29.46,PEN,Transporte,Taxis y apps,,InDrive
27/11/2025,-59.39,PEN,Entretenimiento,Bares y salidas sociales,Ocio,
28/11/2025,-36.79,PEN,Transporte,Taxis y apps,,InDrive
29/11/2025,-12.56,PEN,Transporte,Taxis y apps,,Uber
29/11/2025,-8.93,PEN,Vehículo,Estacionamientos,,
30/11/2025,-13.1,PEN,Transporte,Taxis y apps,,
01/12/2025,-145.73,PEN,Vehículo,Combustible,,
02/12/2025,-1954.99,PEN,Hogar,Alquiler o hipoteca,Recurrente,Alquiler mensual
02/12/2025,-23.68,PEN,Vehículo,Estacionamientos,,
03/12/2025,-113.16,PEN,Mascotas y animales,Alimentación de mascotas,,Comida para Max
03/12/2025,-3.7,PEN,Transporte,Transporte público,,Bus
03/12/2025,-74.83,PEN,Compras,Farmacia y botiquín,,Inkafarma
04/12/2025,-26.95,PEN,Entretenimiento,Streaming y plataformas,Recurrente,Spotify
04/12/2025,-202.04,PEN,Personal,Fitness y actividad física,Salud,Membresía gym
05/12/2025,-45.81,PEN,Entretenimiento,Streaming y plataformas,Recurrente,Netflix
06/12/2025,-297.79,PEN,Alimentación,Supermercados y bodegas,,Compras semanales
07/12/2025,-27.25,PEN,Transporte,Taxis y apps,,Uber
08/12/2025,-200.37,PEN,Alimentación,Supermercados y bodegas,Ocio,
08/12/2025,-73.38,PEN,Alimentación,Delivery,,
09/12/2025,-37.65,PEN,Transporte,Taxis y apps,,Taxi
09/12/2025,-71.65,PEN,Entretenimiento,Deportes y recreación,,Tenis
10/12/2025,-121.85,PEN,Alimentación,Restaurantes,,Almuerzo
10/12/2025,-247.05,PEN,Finanzas,Impuestos,,Pago impuestos
10/12/2025,1065.86,PEN,Ingresos,Intereses y dividendos,,Intereses
12/12/2025,-28.77,PEN,Transporte,Taxis y apps,,Taxi
12/12/2025,-3.88,PEN,Transporte,Transporte público,,Metro
12/12/2025,-10.91,PEN,Finanzas,Comisiones y cargos,,Mantenimiento
13/12/2025,-290.89,PEN,Hogar,Servicios del hogar,Recurrente,"Luz, agua, gas"
13/12/2025,-13.61,PEN,Transporte,Transporte público,,Metro
13/12/2025,-75.16,PEN,Personal,Belleza y estética,,Peluquería
14/12/2025,-72.8,PEN,Alimentación,Restaurantes,,Almuerzo
14/12/2025,-22.87,PEN,Transporte,Taxis y apps,,Taxi
14/12/2025,-28.56,PEN,Transporte,Taxis y apps,,InDrive
15/12/2025,-35.49,PEN,Transporte,Taxis y apps,,Uber
15/12/2025,-83.71,USD,Compras,Tecnología y accesorios,,Mercado Libre
16/12/2025,-13.18,PEN,Transporte,Transporte público,,
17/12/2025,-49.08,PEN,Alimentación,Delivery,,
17/12/2025,-12.22,PEN,Transporte,Taxis y apps,,Taxi
17/12/2025,-21.97,PEN,Vehículo,Estacionamientos,,
19/12/2025,-95.5,PEN,Personal,Telefonía y comunicaciones,Recurrente,Plan celular
19/12/2025,-143.63,PEN,Alimentación,Restaurantes,,Almuerzo
19/12/2025,-22.33,PEN,Transporte,Taxis y apps,,InDrive
20/12/2025,-134.05,PEN,Alimentación,Supermercados y bodegas,,Supermercado
20/12/2025,-20.27,PEN,Transporte,Taxis y apps,,InDrive
20/12/2025,-10.22,PEN,Transporte,Transporte público,,Metropolitano
22/12/2025,-50.74,PEN,Entretenimiento,Bares y salidas sociales,Ocio,Bar con amigos
23/12/2025,-13.6,PEN,Transporte,Transporte público,,Metro
24/12/2025,-35.68,PEN,Transporte,Taxis y apps,,Uber
24/12/2025,-7.23,PEN,Transporte,Transporte público,,
24/12/2025,-82.22,PEN,Personal,Belleza y estética,,Peluquería
24/12/2025,-19.11,PEN,Finanzas,Comisiones y cargos,,
26/12/2025,6025.85,PEN,Ingresos,Salario,Trabajo,Sueldo mensual
26/12/2025,-4.0,PEN,Transporte,Transporte público,,Bus
27/12/2025,-36.75,USD,Alimentación,Supermercados y bodegas,,Compras semanales
28/12/2025,-37.91,PEN,Transporte,Taxis y apps,,InDrive
29/12/2025,-314.6,PEN,Alimentación,Supermercados y bodegas,Salud,Mercado
29/12/2025,-73.34,PEN,Alimentación,Delivery,,
30/12/2025,-230.52,PEN,Vehículo,Combustible,,Gasolina
31/12/2025,-11.51,PEN,Transporte,Transporte público,,Bus
01/01/2026,-292.51,PEN,Finanzas,Seguros,Recurrente,Seguro de salud
02/01/2026,-5.37,PEN,Transporte,Transporte público,,Metropolitano
03/01/2026,-154.56,PEN,Personal,Fitness y actividad física,Salud,Membresía gym
03/01/2026,-128.59,PEN,Mascotas y animales,Alimentación de mascotas,,Comida para Max
03/01/2026,-62.86,PEN,Personal,Belleza y estética,,Spa
03/01/2026,-91.27,PEN,Compras,Ropa y calzado,,Tienda
04/01/2026,-2086.63,PEN,Hogar,Alquiler o hipoteca,Recurrente,Alquiler mensual
04/01/2026,-44.62,PEN,Entretenimiento,Streaming y plataformas,Recurrente,Netflix
05/01/2026,-60.86,USD,Alimentación,Supermercados y bodegas,Salud,Compras semanales
06/01/2026,-8.49,PEN,Transporte,Transporte público,,Bus
07/01/2026,-27.19,PEN,Entretenimiento,Streaming y plataformas,Recurrente,Spotify
07/01/2026,-248.55,PEN,Alimentación,Supermercados y bodegas,,Mercado
07/01/2026,-113.89,PEN,Alimentación,Supermercados y bodegas,,Supermercado
07/01/2026,-23.38,PEN,Transporte,Taxis y apps,,Taxi
08/01/2026,-24.78,EUR,Alimentación,Restaurantes,,Almuerzo
08/01/2026,-20.08,PEN,Transporte,Taxis y apps,,Taxi
08/01/2026,-305.81,PEN,Vehículo,Seguro vehicular,Recurrente,Cuota seguro vehicular
09/01/2026,-11.84,PEN,Transporte,Transporte público,,
09/01/2026,-241.66,PEN,Hogar,Personal de apoyo,,Limpieza
10/01/2026,-40.82,PEN,Compras,Farmacia y botiquín,,
11/01/2026,-12.17,PEN,Finanzas,Comisiones y cargos,,
12/01/2026,-12.4,PEN,Transporte,Transporte público,,Metropolitano
12/01/2026,-19.21,PEN,Vehículo,Estacionamientos,,Estacionamiento
12/01/2026,-8.4,PEN,Vehículo,Estacionamientos,,Parking mall
12/01/2026,-25.35,PEN,Vehículo,Estacionamientos,,
12/01/2026,-242.02,PEN,Personal,Salud y atención médica,Salud,
13/01/2026,925.38,PEN,Ingresos,Facturación y freelance,Trabajo,Consultoría
13/01/2026,-5.16,PEN,Transporte,Transporte público,,Bus
13/01/2026,-4.09,PEN,Transporte,Transporte público,,Bus
13/01/2026,-457.7,PEN,Hogar,Seguro del hogar,Recurrente,Seguro anual hogar
14/01/2026,-202.15,PEN,Hogar,Servicios del hogar,Recurrente,"Luz, agua, gas"
14/01/2026,-10.71,PEN,Transporte,Transporte público,,Metropolitano
14/01/2026,-8.5,PEN,Transporte,Transporte público,,Metropolitano
15/01/2026,-4.98,PEN,Transporte,Transporte público,,Bus
15/01/2026,-159.73,PEN,Vehículo,Combustible,,Gasolina
15/01/2026,-77.9,PEN,Personal,Belleza y estética,,Barbería
16/01/2026,-216.72,PEN,Alimentación,Supermercados y bodegas,,Supermercado
16/01/2026,-33.61,PEN,Alimentación,Delivery,,Uber Eats
16/01/2026,-27.26,PEN,Alimentación,Delivery,,Uber Eats
16/01/2026,-11.86,PEN,Transporte,Transporte público,,Bus
16/01/2026,-6.3,PEN,Transporte,Transporte público,,Metro
17/01/2026,-68.55,PEN,Alimentación,Restaurantes,,
17/01/2026,-25.8,PEN,Transporte,Taxis y apps,,Uber
19/01/2026,-10.55,PEN,Transporte,Transporte público,,Metro
20/01/2026,6116.03,PEN,Ingresos,Salario,Trabajo,Sueldo mensual
20/01/2026,-103.29,PEN,Personal,Telefonía y comunicaciones,Recurrente,Plan celular
20/01/2026,-37.86,PEN,Transporte,Taxis y apps,,Taxi
